Event,Gender,Age,Age at Performance,Time,TIME_SEC,FNAME,LNAME,Country,DOB,RACE_NAME,RACE_LOC,RACE_DATE,COURSE_CERT_SOURCE,Comments,,,,,
Mile,F,40,,4:50,290,Magdalena,Lewy Boulet,USA,,USATF Masters 1 Mile Championships,"Pittsburgh, PA",8/9/13,,,,,,,
Mile,F,41,,5:29,329,Tammy,Nowik,USA,,USATF Masters 1 Mile Championships,"Flint, MI",8/21/15,,,,,,,
Mile,F,42,,4:53,293,Sonja,Friend-Uhl,USA,,USATF Masters 1 Mile Championships,"Pittsburgh, PA",8/9/13,,,,,,,
Mile,F,43,,5:00,300,Kris,Paaso,USA,,Marin Miracle Mile,"San Rafael, CA",7/13/14,,,,,,,
Mile,F,44,,4:57,297,Kris,Paaso,USA,,Marin Miracle Mile,"San Rafael, Ca",7/12/15,,,,,,,
Mile,F,45,,5:21,321,Jennifer,Bayliss,USA,,Miracle Mile,"San Rafael, CA",7/30/16,,,,,,,
Mile,F,46,,5:25,325,Nancy,Thomas,USA,,Miracle Mile,"San Rafael, CA",7/30/16,,,,,,,
Mile,F,47,,5:07,307,Sonja,Friend-Uhl,USA,,Navy Mile,"Washington, DC",9/30/18,,,,,,,
Mile,F,48,,5:06,306,Sonja,Friend-Uhl,USA,,USATF Masters 1 Mile Championships,"Flint, MI",8/23/19,,,,,,,
Mile,F,50,,5:45,345,Lisa,Veneziano,USA,,USATF Masters 1 Mile Championships,"Flint, MI",8/21/15,,,,,,,
Mile,F,51,,5:18,318,Doreen,McCoubrie,USA,,USATF Masters 1 Mile Championships,"Pittsburgh, PA",8/9/13,,,,,,,
Mile,F,52,,5:23,323,Fiona,Bayly,USA,,USATF Masters 1 Mile Championships,"Flint, MI",8/23/19,,,,,,,
Mile,F,53,,5:27,327,Marisa,Sutera Strange,USA,,USATF Masters 1 Mile Championships,"Flint, MI",8/26/16,,,,,,,
Mile,F,54,,5:35,335,Lisa,Veneziano,USA,,USATF Masters 1 Mile Championships,"Flint, MI",8/23/19,,,,,,,
Mile,F,55,,5:39,339,Marisa,Sutera Strange,USA,,USATF Masters 1 Mile Championships,"Flint, MI",8/24/18,,,,,,,
Mile,F,56,,5:28,328,Marisa,Sutera Strange ,USA,,USATF Masters 1 Mile Championships,"Flint, MI",8/23/19,,,,,,,
Mile,F,57,,5:32,332,Doreen,McCoubrie,USA,,USATF Masters 1 Mile Championships,"Flint, MI",8/23/19,,,,,,,
Mile,F,58,,5:57,357,Jane,Welzel,USA,,Mountain Avenue Mile,"Fort Collins, CO",8/8/13,,,,,,,
Mile,F,59,,6:10,370,Robyn,Schmidt,USA,,Mile of Truth,"Danville, CA",5/5/19,,,,,,,
Mile,F,60,,5:54,354,Nancy,Simmons,USA,,USATF Masters 1 Mile Championships,"Flint, MI",8/23/19,,,,,,,
Mile,F,61,,5:44,344,Kathryn,Martin,USA,,USATF Masters 1 Mile Championships,"Pittsburgh, PA",8/9/13,,,,,,,
Mile,F,62,,6:05,365,Barbara,Broad,USA,,USATF Masters 1 Mile Championships,"Pittsburgh, PA",8/9/13,,,,,,,
Mile,F,63,,5:39,339,Kathryn,Martin,USA,,Fifth Avenue Mile,"New Yrk, NY",9/13/15,,,,,,,
Mile,F,64,,5:48,348,Sabra,Harvey,USA,,USATF Masters 1 Mile Championships,"Pittsburgh, PA",8/9/13,,,,,,,
Mile,F,65,,6:08,368,Sabra,Harvey,USA,,USATF Masters 1 Mile Championships,"Flint, MI",8/22/14,,,,,,,
Mile,F,66,,6:06,366,Sabra,Harvey,USA,,"Run One San Jacinto, Mile","La Porte, TX",1/30/16,,,,,,,
Mile,F,68,,6:07,367,Sabra,Harvey,USA,,USATF Master's 1 Mile Championships,"Flint, MI",8/25/17,,,,,,,
Mile,F,69,,6:39,399,Jeannie,Rice,USA,,USATF Master's 1 Mile Championships,"Flint, MI",8/25/17,,,,,,,
Mile,F,70,,6:38,398,Jeannie,Rice,USA,,USATF Masters 1 Mile Championships,"Flint, MI",8/24/18,,,,,,,
Mile,F,71,,6:25,385,Jeannie,Rice,USA,,USATF Masters 1 Mile Championships,"Flint, MI",8/23/19,,,,,,,
Mile,F,74,,8:03,483,Marilyn,Schnobrich,USA,,Medtronic TC Mile,"Minneapolis, MN",5/12/16,,,,,,,
Mile,F,75,,8:22,502,Margie,Stoll,USA,,Monty Mile ,Smyrna TN,8/6/16,,,,,,,
Mile,F,76,,10:15,615,Catherine,Radle,USA,,USATF Masters 1 Mile Championships,"Flint, MI",8/23/19,,,,,,,
Mile,F,80,,10:56,656,Madeline,Bost,USA,,USATF Masters 1 Mile Championships,"Flint, MI",8/23/19,,,,,,,
Mile,F,81,,8:57,537,Eve,Pell,USA,,Mile of Truth,"Danville, CA",5/6/18,,,,,,,
Mile,F,82,,11:31,691,Tami,Graf,USA,,USATF Masters 1 Mile Championships ,"Flint, MI",8/24/18,,,,,,,
5 km,F,3,3y338d,45:48,2748,Fanny,O'Neill,USA,4/11/11,,Huntsville AL USA,3/14/15,,,,,,,
5 km,F,4,4y53d,29:54,1794,Brooke,Johnson,USA,6/20/13,,Asbury Park NJ USA,8/12/17,,,,,,,
5 km,F,5,5y308d,22:18,1338,Ava,Johnson,USA,8/22/10,,Pine Beach NJ USA,6/26/16,,,,,,,
5 km,F,6,6y348d,20:58,1258,Ava,Johnson,USA,8/22/10,,Sea Girt NJ USA,8/5/17,,,,,,,
5 km,F,7,7y192d,18:28,1108,Megan,Crum,USA,8/27/07,,South El Monte CA USA,3/7/15,,,,,,,
5 km,F,8,8y312d,18:35,1115,Megan,Crum,USA,8/27/07,,La Palma CA USA,7/4/16,,,,,,,
5 km,F,9,9y1d,17:54,1074,Megan,Crum,USA,8/27/07,,Fountain Valley CA USA,8/28/16,,,,,,,
5 km,F,10,10y49d,17:56,1076,Megan,Crum,USA,8/27/07,,Huntington Beach CA USA,10/15/17,,,,,,,
5 km,F,11,11y349d,17:29,1049,Grace,Ping,USA,7/7/03,,Winona MN USA,6/20/15,,,,,,,
5 km,F,12,12y328d,17:17,1037,Annabella,Veltcheva,USA,4/24/04,,Clermont FL USA,3/18/17,,,,,,,
5 km,F,13,13y140d,16:36,996,Grace,Ping,USA,7/7/03,,San Jose CA USA,11/24/16,,,,,,,
5 km,F,14,14y255d,16:28,988,Yui,Fukuda,JPN,6/1/95,,Himeji JPN,2/11/10,,,,,,,
5 km,F,15,15y306d,16:14,974,Pamela,Chepchumba,KEN,2/28/78,,Bolzano ITA,12/31/93,,,,,,,
5 km,F,16,16y310d,15:19,919,Tirunesh,Dibaba,ETH,6/1/85,Carlsbad 5000,Carlsbad CA USA,4/7/02,,,,,,,
5 km,F,17,17y316d,15:00,900,Tirunesh,Dibaba,ETH,6/1/85,Carlsbad 5000,Carlsbad CA USA,4/13/03,,,,,,,
5 km,F,18,18y255d,15:05,905,Rose,Cheruiyot Kosgei,KEN,7/21/76,Carlsbad 5000,Carlsbad CA USA,4/2/95,,,,,,,
5 km,F,19,19y306d,14:51,891,Tirunesh,Dibaba,ETH,6/1/85,,Carlsbad CA USA,4/3/05,,,,,,,
5 km,F,20,20y28d,14:58,898,Lydia,Cheromei Kogo,KEN,5/11/77,,Bern SUI,6/8/97,,,,,,,
5 km,F,21,21y68d,15:00,900,Buze,Diriba Kejela,ETH,2/9/94,,Boston MA USA,4/18/15,,,,,,,
5 km,F,22,22y143d,14:46,886,Meseret,Defar,ETH,11/18/83,,Carlsbad CA USA,4/9/06,,,,,,,
5 km,F,23,23y65d,14:54,894,Buze,Diriba Kejela,ETH,2/9/94,,Boston MA USA,4/15/17,,,,,,,
5 km,F,24,24y49d,14:48,888,Genzebe,Dibaba Kenini,ETH,2/8/91,Carlsbad 5000,Carlsbad CA USA,3/29/15,,,,,,,
5 km,F,25,25y158d,14:55,895,Isabella,Ochichi,KEN,10/28/79,Carlsbad 5000,Carlsbad CA USA,4/3/05,,,,,,,
5 km,F,26,26y47d,14:44,884,Sifan,Hassan,NED,1/1/93,Herculis 5K,"Monaco, MON",2/17/19,,WR,,,,,
5 km,F,27,27y259d,14:57,897,Paula,Radcliffe,ENG,12/17/73,,London ENG,9/2/01,,,,,,,
5 km,F,28,28y6d,15:10,910,Elana,Meyer,RSA,10/10/66,,Providence RI USA,10/16/94,,,,,,,
5 km,F,29,29y331d,14:47,887,Lornah,Kiplagat,NED,5/1/74,,Brunssum NED,3/28/04,,,,,,,
5 km,F,30,30y230d,14:50,890,Molly,Huddle,USA,8/31/84,,Boston MA USA,4/18/15,,,,,,,
5 km,F,31,31y185d,14:52,892,Mamitu,Daska Molisa,ETH,10/16/83,,Boston MA USA,4/18/15,,,,,,,
5 km,F,32,32y227d,14:56,896,Molly,Huddle,USA,8/31/84,,Boston MA USA,4/15/17,,,,,,,
5 km,F,33,33y161d,15:15,915,Judi,St Hilaire,USA,9/5/59,,Freeport BAH,2/13/93,,,,,,,
5 km,F,34,34y281d,15:06,906,Sonia,O'Sullivan,IRL,11/28/69,,London ENG,9/5/04,,,,,,,
5 km,F,35,35y340d,15:24,924,Elana,Meyer,RSA,10/10/66,,Providence RI USA,9/15/02,,,,,,,
5 km,F,36,36y9d,15:30,930,Uta,Pippig,USA,9/7/65,,Providence RI USA,9/16/01,,,,,,,
5 km,F,37,37y356d,15:30,930,Colleen,De Reuck,USA,4/16/64,Carlsbad 5000,Carlsbad CA USA,4/7/02,,,,,,,
5 km,F,38,38y133d,15:24,924,Mary,Slaney,USA,8/4/58,,Palm Desert CA USA,12/15/96,,,,,,,
5 km,F,39,39y46d,15:40,940,Edith,Masai,KEN,4/4/67,,Neuss GER,5/20/06,,,,,,,
5 km,F,40,40y50d,15:48,948,Colleen,De Reuck,USA,4/16/64,USATF Women's 5 km Championships,Albany NY USA,6/5/04,,,,,,,
5 km,F,41,41y276d,15:53,953,Jennifer,Rhines,USA,7/1/74,Carlsbad 5000,Carlsbad CA USA,4/3/16,,,,,,,
5 km,F,42,42y225d,15:48,948,Deena,Kastor,USA,2/14/73,,San Jose CA USA,9/27/15,,,,,,,
5 km,F,43,43y296d,16:25,985,Firiya,Sultanova,RUS,4/29/61,,Fort Myers FL USA,2/19/05,,,,,,,
5 km,F,44,44y274d,16:01,961,Firiya,Sultanova,RUS,4/29/61,,Saint Augustine FL USA,1/28/06,,,,,,,
5 km,F,45,45y275d,16:20,980,Catriona,McKiernan,IRL,11/30/69,,Dublin IRL,9/1/15,,,,,,,
5 km,F,46,46y158d,16:34,994,Tatyana,Pozdniakova,UKR,3/4/55,,Manchester NH USA,8/9/01,,,,,,,
5 km,F,47,47y157d,16:17,977,Tatyana,Pozdniakova,UKR,3/4/55,,Manchester NH USA,8/8/02,,,,,,,
5 km,F,48,48y203d,16:14,974,Linda,Somers,USA,5/7/61,Silicon Valley Turkey Trot,San Jose CA USA,11/26/09,,,,,,,
5 km,F,49,49y161d,16:29,989,Tatyana,Pozdniakova,UKR,3/4/55,,Manchester NH USA,8/12/04,,,,,,,
5 km,F,50,50y160d,16:39,999,Tatyana,Pozdniakova,UKR,3/4/55,,Manchester NH USA,8/11/05,,,,,,,
5 km,F,51,53y133d,17:04,1024,Monica,Joyce,USA,2/7/57,Plymouth YMCA Fathers Day 5K,"Plymouth, MI",6/20/10,F50-54 AR,,,,,,
5 km,F,52,52y6d,17:02,1022,Fiona,Matheson,SCO,4/25/61,,Edinburgh SCO,5/1/13,,,,,,,
5 km,F,53,53y126d,17:39,1059,Joan,Samuelson,USA,5/16/57,,Providence RI USA,9/19/10,,,,,,,
5 km,F,54,54y285d,17:48,1068,Silke,Schmidt,GER,8/7/59,,Leiden NED,5/18/14,,,,,,,
5 km,F,55,55y5d,17:57,1077,Julie,Buckley,ENG,7/8/56,,Doncaster ENG,7/13/11,,,,,,,
5 km,F,56,56y64d,17:41,1061,Fiona,Matheson,SCO,4/25/61,,Clydebank SCO,6/28/17,,,,,,,
5 km,F,57,57y187d,18:32,1112,Christine,Kennedy,USA,12/29/54,Santa Cruz Firecracker 5K,"Santa Cruz, CA",7/4/12,CA13073RS,cert from 2013,,,,,
5 km,F,58,58y38d,18:47,1127,Rose,Lambe,IRL,10/25/59,,Dublin IRL,12/2/17,,,,,,,
5 km,F,59,59y30d,18:58,1138,Daphne,Ellmore,ENG,5/22/50,,Horwich ENG,6/21/09,,,,,,,
5 km,F,60,60y2d,19:04,1144,Kathryn,Martin,USA,9/30/51,USATF Masters 5 km Championships,Syracuse NY USA,10/2/11,,official F60-64 AR,,,,,
5 km,F,61,61y95d,19:14,1154,Sabra,Harvey,USA,3/2/49,Heights Fun 5K,Houston TX USA,6/5/10,,,,,,,
5 km,F,62,62y6d,19:06,1146,Kathryn,Martin,USA,9/30/51,USATF Masters 5 km Championships,Syracuse NY USA,10/6/13,,,,,,,
5 km,F,63,63y359d,20:27,1227,Marie-Louise,Michelsohn,USA,10/8/41,Syracuse Festival of Races,Syracuse NY USA,10/2/05,,,,,,,
5 km,F,64,64y23d,19:23,1163,Angela,Copson,ENG,4/20/47,,Northampton ENG,5/13/11,,,,,,,
5 km,F,65,65y2d,19:57,1197,Kathryn,Martin,USA,9/30/51,USATF Masters 5 km Championships,Syracuse NY USA,10/2/16,,,,,,,
5 km,F,66,66y320d,20:04,1204,Janette,Stevenson,SCO,5/3/49,,Clydebank SCO,3/19/16,,,,,,,
5 km,F,67,67y38d,20:32,1232,Sabra,Harvey,USA,3/2/49,Bellaire Trolley Run 5K,"Houston, TX",4/9/16,TX07014ETM,,,,,,
5 km,F,68,68y93d,19:51,1191,Sabra,Harvey,USA,3/2/49,,Houston TX USA,6/3/17,,,,,,,
5 km,F,69,69y60d,21:24,1284,Angela,Copson,ENG,4/20/47,,Horwich ENG,6/19/16,,,,,,,
5 km,F,70,70y0d,22:03,1323,Jan,Holmquist,USA,5/18/44,Evans Run 5K,Evans Run 5K,5/18/14,Andy Carr,,,,,,
5 km,F,71,71y141d,21:49,1309,Jeannie,Rice,USA,4/14/48,John Clay 5K,"Naples, FL",9/2/19,FL15081EBM,,,,,,
5 km,F,72,,23:13,1393,Lynette,Walker,USA,,Simsbury River Run,"Simsbury, CT",4/29/12,Andy Carr,,,,,,
5 km,F,73,73y136d,22:27,1347,Jan,Holmquist,USA,5/18/44,USATF Masters 5 km Championships,Syracuse NY USA,10/1/17,,,,,,,
5 km,F,74,74y243d,23:44,1424,Libby,James,USA,7/12/36,Sharin O the Green 5K Run,"Ft Collins, CO",3/12/11,CO12036DCR,,,,,,
5 km,F,75,75y325d,23:34,1414,Libby,James,USA,7/12/36,Freihofer's Run for Women,Albany NY USA,6/2/12,,,,,,,
5 km,F,76,76y324d,23:55,1435,Libby,James,USA,7/12/36,Freihofer's Run for Women,Albany NY USA,6/1/13,Andy Carr,,,,,,
5 km,F,77,77y323d,24:16,1456,Libby,James,USA,7/12/36,Freihofer's Run for Women,Albany NY USA,5/31/14,,,,,,,
5 km,F,78,78y85d,24:00,1440,Libby,James,USA,7/12/36,USATF Masters 5 km Championships,Syracuse NY USA,10/5/14,,,,,,,
5 km,F,79,79y357d,25:13,1513,Libby,James,USA,7/12/36,Firekracker 5K,"Ft. Collins, CO",7/4/16,CO14011DCR,,,,,,
5 km,F,80,80y82d,25:11,1511,Libby,James,USA,7/12/36,USATF Masters 5 km Championships,Syracuse NY USA,10/2/16,,official F80-84 AR,,,,,
5 km,F,81,81y325d,26:49,1609,Libby,James,USA,7/12/36,Freihofer's Run for Women,Albany NY USA,6/2/18,NY15030JG,,,,,,
5 km,F,82,82y324d,29:40,1780,Libby,James,USA,7/12/36,Freihofer's Run for Women,Albany NY USA,6/1/19,NY15030JG,,,,,,
5 km,F,83,83y17d,30:10,1810,Lenore,Montgomery,CAN,5/28/30,,Vancouver BC CAN,6/14/13,,,,,,,
5 km,F,84,84y152d,31:38,1898,Anne,Clarke,USA,9/21/09,,IL,2/20/94,RRIC,,,,,,
5 km,F,85,85y3d,34:51,2091,Anne,Clarke,USA,9/21/09,Park Ridge Charity Classic,"Park Ridge, IL",9/24/94,RRIC & Andy Carr,,,,,,
5 km,F,86,86y309d,34:23,2063,Lenore,Montgomery,CAN,5/28/30,Carlsbad 5000,Carlsbad CA USA,4/2/17,,,,,,,
5 km,F,87,87y176d,38:09,2289,Leona,Lugers,USA,11/26/06,,MI,5/21/94,RRIC,,,,,,
5 km,F,88,88y237d,41:26,2486,Anne,Clarke,USA,9/21/09,Berwyn 5000,"Berwyn, IL",5/16/98,RRIC & Andy Carr,,,,,,
5 km,F,89,97y286d,41:05,2465,Kelsig,Francis,USA,,,CA,10/12/97,RRIC,,,,,,
5 km,F,90,90y150d,43:12,2592,Harriette,Thompson,USA,3/27/23,Yiason Greek Festival,"Charlotte, NC",8/24/13,NC01052PH,"cert ran out in 2011, but they still use the same course",,,,,
5 km,F,91,91y30d,42:22,2542,Harriette,Thompson,USA,3/27/23,CPCC Charlotte Skyline 5K,"Charlotte, NC",4/26/14,NC08034PH,,,,,,
5 km,F,92,92y36d,44:26,2666,Harriette,Thompson,USA,3/27/23,Run! Ballantyne 5K,"Charlotte, NC",5/2/15,NC10020PH,,,,,,
5 km,F,94,94y53d,48:55,2935,Evelyn,Tripp,USA,1/19/16,Get to the Green 5K,"Columbia, SC",3/13/10,SC09013BS,,,,,,
5 km,F,95,98y159d,1:05:08,3908,Berna,Supel,USA,,,"Washington, DC",6/7/98,RRIC,,,,,,
8 km,F,6,6y320d,35:47,2147,Ava,Johnson ,USA,8/22/10,,Belmar NJ USA,7/8/17,,5 mile,,,,,
8 km,F,7,7y234d,34:31,2071,Summer,Wilson ,USA,7/9/08,Brea Classic 8K,Brea CA USA,2/28/16,,,,,,,
8 km,F,8,8y324d,31:04,1864,Megan,Crum ,USA,8/27/07,,Olympia WA USA,7/16/16,,,,,,,
8 km,F,9,9y203d,31:06,1866,Megan,Crum ,USA,8/27/07,,Glendale AZ USA,3/18/17,,,,,,,
8 km,F,10,10y269d,35:43,2143,Hannah,Reed ,USA,3/26/04,,Bishop GA USA,12/20/14,,,,,,,
8 km,F,11,11y247d,29:21,1761,Lindsey,Scherf ,USA,9/18/86,,Spring Lake NJ USA,5/23/98,,,,,,,
8 km,F,12,12y124d,29:55,1795,Tess,vanRandtwijk ,NED,10/4/04,,Apeldoorn NED,2/5/17,,,,,,,
8 km,F,13,13y147d,29:53,1793,Camille,Napier ,USA,7/23/03,,Bishop GA USA,12/17/16,,,,,,,
8 km,F,14,14y148d,27:40,1660,Laura,Craven ,USA,12/9/64,,Columbus OH USA,5/6/79,,,,,,,
8 km,F,15,15y349d,26:10,1570,Lydia,Cheromei Kogo,KEN,5/11/77,,Portland OR USA,4/25/93,,,,,,,
8 km,F,16,16y19d,26:16,1576,Sally,Barsosio Chepkemboi,KEN,3/21/78,,Toronto ON CAN,4/9/94,,,,,,,
8 km,F,17,17y351d,25:29,1529,Gladys,Ondeyo ,KEN,5/10/75,,Portland OR USA,4/25/93,,,,,,,
8 km,F,18,18y355d,25:52,1552,Ogla,Kimaiyo Cherono,KEN,7/24/88,,Kingsport TN USA,7/14/07,,,,,,,
8 km,F,19,19y115d,25:50,1550,Hawa,Hussein Hamis,TAN,12/5/82,,Balmoral SCO,3/30/02,,,,,,,
8 km,F,20,20y266d,25:29,1529,Emily,Muge Chebet,KEN,2/18/86,,Richmond VA USA,11/11/06,,,,,,,
8 km,F,21,21y34d,24:58,1498,Buze,Diriba Kejela,ETH,2/9/94,,New Orleans LA USA,3/15/15,,,,,,,
8 km,F,22,22y285d,25:36,1536,Elizabeth,Chemweno Cheruiyot,KEN,7/13/78,,Cartaxo POR,4/24/01,,,,,,,
8 km,F,23,23y31d,25:09,1509,Lornah,Kiplagat ,NED,5/1/74,,Tilburg NED,6/1/97,,,,,,,
8 km,F,24,24y115d,24:45,1485,Paula,Radcliffe ,ENG,12/17/73,,Balmoral SCO,4/11/98,,,,,,,
8 km,F,25,25y317d,24:28,1468,Asmae,Leghzaoui ,MAR,8/30/76,,Kingsport TN USA,7/13/02,,,,,,,
8 km,F,26,26y258d,25:00,1500,Betsy,Saina ,KEN,6/30/88,,New Orleans LA USA,3/15/15,,,,,,,
8 km,F,27,27y351d,24:48,1488,Liz,McColgan ,SCO,5/24/64,,Washington DC USA,5/10/92,,,,,,,
8 km,F,28,28y317d,25:07,1507,Lynn,Jennings ,USA,7/1/60,,Washington DC USA,5/14/89,,,,,,,
8 km,F,29,29y50d,25:00,1500,Grete,Waitz ,NOR,10/1/53,,Wellington NZL,11/20/82,,,,,,,
8 km,F,30,30y145d,24:43,1483,Sonia,O'Sullivan ,IRL,11/28/69,,Balmoral SCO,4/22/00,,,,,,,
8 km,F,31,31y172d,25:03,1503,Jemima,Sumgong Chelegat,KEN,12/21/84,,New York NY USA,6/11/16,,,,,,,
8 km,F,32,32y48d,24:36,1476,Deena,Kastor ,USA,2/14/73,Shamrock Shuffle 8K,Chicago IL USA,4/3/05,,,,,,,
8 km,F,33,33y117d,25:23,1523,Judi,St Hilaire,USA,9/5/59,,New York NY USA,12/31/92,,,,,,,
8 km,F,34,34y353d,24:45,1485,Shalane,Flanagan ,USA,7/8/81,,Boston MA USA,6/26/16,,,,,,,
8 km,F,35,35y215d,25:43,1543,Lyudmila,Matveyeva ,RUS,2/1/57,,Bielefeld GER,9/4/92,,,,,,,
8 km,F,36,36y285d,24:46,1486,Edna,Kiplagat Ngeringwony,KEN,9/15/79,BAA 10k (8K split),Boston MA USA,6/26/16,,,,,,,
8 km,F,37,37y170d,26:17,1577,Elena,Vyazova ,UKR,4/18/60,,Attleboro MA USA,10/5/97,,,,,,,
8 km,F,38,38y220d,26:10,1570,Lynn,Jennings ,USA,7/1/60,,Columbia SC USA,2/6/99,,,,,,,
8 km,F,39,39y102d,25:25,1525,Gloria,Marconi ,ITA,3/31/68,,Cantagrillo ITA,7/11/07,,,,,,,
8 km,F,40,40y126d,26:19,1579,Ruth,Wysocki ,USA,3/8/57,,Newport Beach CA USA,7/12/97,,,,,,,
8 km,F,41,41y84d,26:15,1575,Lyubov,Kremlyova ,RUS,12/21/61,Shamrock 8K,Virginia Beach VA USA,3/15/03,,,,,,,
8 km,F,42,42y208d,26:09,1569,Firiya,Sultanova ,RUS,4/29/61,Philadelphia Marathon 8K,Philadelphia PA USA,11/23/03,,,,,,,
8 km,F,43,43y206d,26:37,1597,Firiya,Sultanova ,RUS,4/29/61,Philadelphia Marathon 8K,Philadelphia PA USA,11/21/04,,,,,,,
8 km,F,44,44y173d,26:26,1586,Priscilla,Welch ,USA,11/22/44,,Washington DC USA,5/14/89,,,,,,,
8 km,F,45,45y172d,26:56,1616,Priscilla,Welch ,USA,11/22/44,,Washington DC USA,5/13/90,,,,,,,
8 km,F,46,46y332d,28:19,1699,Marilyn,Arsenault ,CAN,2/14/68,,Saanichton BC CAN,1/11/15,,,,,,,
8 km,F,47,47y12d,26:58,1618,Tatyana,Pozdniakova ,UKR,3/4/55,Shamrock 8K,Virginia Beach VA USA,3/16/02,,,,,,,
8 km,F,48,48y11d,25:56,1556,Tatyana,Pozdniakova ,UKR,3/4/55,Shamrock 8K,Virginia Beach VA USA,3/15/03,,,,,,,
8 km,F,49,49y16d,26:04,1564,Tatyana,Pozdniakova ,UKR,3/4/55,Shamrock 8K,Virginia Beach VA USA,3/20/04,,,,,,,
8 km,F,50,50y15d,26:41,1601,Tatyana,Pozdniakova ,UKR,3/4/55,Shamrock 8K,Virginia Beach VA USA,3/19/05,,,,,,,
8 km,F,51,51y42d,29:08,1748,Fiona,Matheson ,SCO,4/25/61,,Edinburgh SCO,6/6/12,,,,,,,
8 km,F,52,52y69d,28:24,1704,Fiona,Matheson ,SCO,4/25/61,,Bridge of Earn SCO,7/3/13,,,,,,,
8 km,F,53,53y345d,29:47,1787,Houria,Frechou ,FRA,1/19/60,,Auch FRA,12/29/13,,,,,,,
8 km,F,54,54y66d,29:32,1772,Janette,Stevenson ,SCO,5/3/49,,Bridge of Earn SCO,7/8/03,,,,,,,
8 km,F,55,55y12d,30:42,1842,Rae,Baymiller ,USA,7/27/43,,Red Bank NJ USA,8/8/98,,,,,,,
8 km,F,56,56y74d,30:09,1809,Leslie,Black ,CAN,1/26/60,,Toronto ON CAN,4/9/16,,,,,,,
8 km,F,57,57y142d,30:42,1842,Shirley,Matson ,USA,11/7/40,Fifty-Plus 8K ,Palo Alto CA USA,3/29/98,,,,,,,
8 km,F,58,58y25d,31:36,1896,Kathryn,Martin ,USA,9/30/51,Poland Spring Marathon Kickoff 5 Mile,New York NY USA,10/25/09,,5 mile time,,,,,
8 km,F,59,59y56d,31:10,1870,Christine,Kennedy ,USA,12/29/54,USATF Masters 8 km Championships,"Brea, CA",2/23/14,CA11104RS,,,,,,
8 km,F,59,59y34d,31:32,1892,Daphne,Ellmore ,ENG,5/22/50,,Swinhope ENG,6/25/09,,,,,,,
8 km,F,60,60y55d,31:28,1888,Christine,Kennedy ,USA,12/29/54,USATF Masters 8 km Championships,Brea CA USA,2/22/15,,,,,,,
8 km,F,61,61y58d,32:18,1938,Angela,Copson ,ENG,4/20/47,,Harborough ENG,6/17/08,,,,,,,
8 km,F,62,62y104d,31:39,1899,Angela,Copson ,ENG,4/20/47,,Wellingborough ENG,8/2/09,,,,,,,
8 km,F,63,63y53d,32:20,1940,Kathryn,Martin ,USA,9/30/51,"Philidelphia Marathon, 8K","Philadelphia, PA",11/22/14,PA10036WB,,,,,,
8 km,F,64,64y326d,34:00,2040,Kathryn,Martin ,USA,9/30/51,France Run 8K,New York NY USA,8/21/16,NY15005DK,,,,,,
8 km,F,65,65y20d,33:48,2028,Sabra,Harvey ,USA,3/2/49,Law Week 8k,Houston TX USA,3/22/14,,,,,,,
8 km,F,66,66y192d,35:29,2129,June,Machala ,USA,1/1/31,,Newport Beach CA USA,7/12/97,,,,,,,
8 km,F,67,67y234d,35:27,2127,Edie,Stevenson ,USA,7/27/49,USATF Masters 8 km Championships,Virginia Beach VA USA,3/18/17,,,,,,,
8 km,F,68,68y9d,34:00,2040,Sabra,Harvey ,USA,3/2/49,,Houston TX USA,3/11/17,,,,,,,
8 km,F,69,69y154d,37:02,2222,Nancy,Rollins,USA,10/31/46,Shamrock Shuffle 8K,"Chicago, IL",4/3/16,IL14002JW,,,,,,
8 km,F,70,70y22d,36:01,2161,Angela,Copson ,ENG,4/20/47,,Blisworth ENG,5/12/17,,5 mile time,,,,,
8 km,F,71,71y83d,36:37,2197,Jan,Holmquist,USA,5/18/44,Bobby Doyle 5 Mile,Narragansett RI,8/9/15,RI13012RN,,,,,,
8 km,F,72,72y258d,39:28,2368,Louise,Gilchrist ,ENG,3/7/33,,Leeds ENG,11/20/05,,,,,,,
8 km,F,73,73y83d,37:57,2277,Louise,Gilchrist ,ENG,3/7/33,,Manchester ENG,5/29/06,,,,,,,
8 km,F,74,74y348d,38:46,2326,Hedy,Marque,USA,5/27/17,Shamrock 8K,"Alexandria, VA",5/10/92,RRIC & Andy Carr,,,,,,
8 km,F,75,75y95d,41:41,2501,Karin,Vickars ,CAN,7/10/38,,Victoria BC CAN,10/13/13,,,,,,,
8 km,F,76,76y79d,40:23,2423,Louise,Gilchrist ,ENG,3/7/33,,Sale ENG,5/25/09,,,,,,,
8 km,F,77,77y204d,43:00,2580,Betty Jean,McHugh,CAN,11/7/27,,Vancouver BC CAN,5/29/05,,,,,,,
8 km,F,78,78y95d,45:45,2745,Lenore,Montgomery ,CAN,5/28/30,,Richmond BC CAN,8/31/08,,,,,,,
8 km,F,79,79y24d,44:54,2694,Sandra,Folzer,USA,5/10/39,Moorestown Rotary 8k,"Moorestown, NJ",6/3/18,NJ12001WB,,,,,,
8 km,F,80,80y298d,43:49,2629,Betty Jean,McHugh,CAN,11/7/27,,Richmond BC CAN,8/31/08,,,,,,,
8 km,F,81,81y248d,42:34,2554,Libby,James,USA,7/12/36,USATF Masters 8K Championships,"Virginia Beach, VA",03/17/2018,pending F80-84 AR (net),,,,,,
8 km,F,82,82y121d,48:46,2926,Betty Jean,McHugh,CAN,11/7/27,,Vancouver BC CAN,3/7/10,,,,,,,
8 km,F,83,83y138d,50:55,3055,Lenore,Montgomery ,CAN,5/28/30,,Victoria BC CAN,10/13/13,,,,,,,
8 km,F,84,84y173d,57:11,2554,Lois Ann,Gilmore,USA,10/11/30,Shamrock Shuffle 8K,"Chicago, IL",4/2/15,IL14002JW,,,,,,
8 km,F,85,85y136d,55:25,3325,Lenore,Montgomery ,CAN,5/28/30,,Victoria BC CAN,10/11/15,,,,,,,
8 km,F,86,86y213d,1:20:51,4851,Ruth,Rothfarb,USA,6/18/01,Jungle Jog 8K,"Miami, FL",1/17/88,RRIC & Andy Carr,,,,,,
8 km,F,87,87y281d,1:08:50,4130,Ethel,Furne,USA,6/8/09,St. Patrick's Day 8K,"Saint Paul, MN",3/16/97,RRIC & Andy Carr,,,,,,
8 km,F,88,88y301d,1:20:49,4849,Ethel,Furne,USA,6/8/09,Fools Five,"Lewiston, MN",4/5/98,RRIC & Andy Carr,,,,,,
8 km,F,89,89y25d,1:09:12,4152,Harriette,Thompson,USA,3/27/23,Elizabeth Festival 8K,"Charlotte, NC",4/21/12,NC10035PH,,,,,,
8 km,F,91,91y359d,1:15:29,4529,Harriette,Thompson,USA,3/27/23,Elizabeth Festival 8K,"Charlotte, NC",3/21/15,NC10035PH,,,,,,
10 km,F,6,6y272d,48:02,2882,Ava,Johnson ,USA,8/22/10,,Washington DC USA,5/21/17,,,,,,,
10 km,F,7,7y318d,46:08,2768,Makenzie,Kolvoord ,USA,11/21/06,,Minster OH USA,10/5/14,,,,,,,
10 km,F,8,8y202d,45:41,2741,Reagan,Jones ,USA,6/29/06,,Ocean Springs MS USA,1/17/15,,,,,,,
10 km,F,9,9y110d,37:37,2257,Carrie,Garritson ,USA,11/11/76,,Phoenix AZ USA,3/1/86,,,,,,,
10 km,F,10,10y75d,36:03,2163,Carrie,Garritson ,USA,11/11/76,,Redondo Beach CA USA,1/25/87,,,,,,,
10 km,F,11,11y311d,36:29,2189,Delia,Sclabas ,SUI,11/8/00,,Burgdorf SUI,9/15/12,,,,,,,
10 km,F,12,12y78d,34:28,2068,Carrie,Garritson ,USA,11/11/76,,Paramount CA USA,1/28/89,,,,,,,
10 km,F,13,13y337d,35:44,2144,Delia,Sclabas ,SUI,11/8/00,,Beinwil am See SUI,10/11/14,,,,,,,
10 km,F,14,14y162d,33:16,1996,Ji-ang,Qinghua ,CHN,5/1/85,,Beijing CHN,10/10/99,,,,,,,
10 km,F,15,15y353d,33:19,1999,Irvette,vanZyl ,RSA,7/5/87,,Durban RSA,6/22/03,,,,,,,
10 km,F,16,16y319d,32:42,1962,Karoline-Bjerkeli,Grovdal ,NOR,6/14/90,,Oslo NOR,4/29/07,,,,,,,
10 km,F,17,17y351d,31:32,1892,Winnie,Chepkemoi ,KEN,10/9/93,,Utrecht NED,9/25/11,,,,,,,
10 km,F,18,18y323d,31:29,1889,Karoline-Bjerkeli,Grovdal ,NOR,6/14/90,,Oslo NOR,5/3/09,,,,,,,
10 km,F,19,19y309d,31:07,1867,Belaynesh,Olijira Jemama,ETH,6/26/90,,Marseille FRA,5/1/10,,,,,,,
10 km,F,20,20y305d,30:41,1841,Gladys,Cheshire Kiptagelai,KEN,12/10/94,,Berlin GER,10/11/15,,,,,,,
10 km,F,21,21y343d,30:55,1855,Peres,Chepchirchir ,KEN,9/27/93,,Prague CZE,9/5/15,,,,,,,
10 km,F,22,22y173d,30:06,1806,Fancy,Chemutai ,KEN,3/20/95,,Prague CZE,9/9/17,,,,,,,
10 km,F,23,23y275d,29:43,1783,Joyciline,Jepkosgei ,KEN,12/8/93,,Prague CZE,9/9/17,,,,,,,
10 km,F,24,24y291d,30:39,1839,Liz,McColgan ,SCO,5/24/64,,Orlando FL USA,3/11/89,,,,,,,
10 km,F,25,25y322d,30:24,1824,Viola,Jepchumba ,KEN,10/23/90,,Prague CZE,9/10/16,,,,,,,
10 km,F,26,26y321d,30:25,1825,Viola,Jepchumba ,KEN,10/23/90,,Prague CZE,9/9/17,,,,,,,
10 km,F,27,27y174d,30:47,1847,Paula,Radcliffe ,ENG,12/17/73,,New York NY USA,6/9/01,,,,,,,
10 km,F,28,28y92d,30:30,1830,Tirunesh,Dibaba ,ETH,6/1/85,,Tilburg NED,9/1/13,,,,,,,
10 km,F,29,29y68d,30:21,1821,Paula,Radcliffe ,ENG,12/17/73,,San Juan PUR,2/23/03,,,,,,,
10 km,F,30,30y74d,30:45,1845,Paula,Radcliffe ,ENG,12/17/73,,San Juan PUR,2/29/04,,,,,,,
10 km,F,31,31y301d,30:50,1850,Lornah,Kiplagat ,NED,5/1/74,,San Juan PUR,2/26/06,,,,,,,
10 km,F,32,32y11d,30:56,1856,Gladys,Cherono ,KEN,5/12/83,,Ottawa ON CAN,5/23/15,,,,,,,
10 km,F,33,33y19d,30:59,1859,Ingrid,Kristiansen ,NOR,3/21/56,,Boston MA USA,4/9/89,,,,,,,
10 km,F,34,34y353d,30:52,1852,Shalane,Flanagan ,USA,7/8/81,,Boston MA USA,6/26/16,,,,,,,
10 km,F,35,35y4d,31:13,1873,Elana,Meyer ,RSA,10/10/66,,Budapest HUN,10/14/01,,,,,,,
10 km,F,36,36y21d,30:57,1857,Irina,Mikitenko ,GER,8/23/72,,Karlsruhe GER,9/13/08,,,,,,,
10 km,F,37,37y133d,31:45,1905,Helen,Clitheroe ,ENG,1/2/74,,Manchester ENG,5/15/11,,,,,,,
10 km,F,38,38y153d,31:37,1897,Edith,Masai ,KEN,4/4/67,,Tilburg NED,9/4/05,,,,,,,
10 km,F,39,39y227d,31:44,1904,Irina,Mikitenko ,GER,8/23/72,,Paderborn GER,4/7/12,,,,,,,
10 km,F,40,40y268d,32:23,1943,Christelle,Daunay ,FRA,12/5/74,,Arras FRA,8/30/15,,,,,,,
10 km,F,41,41y168d,32:23,1943,Christelle,Daunay ,FRA,12/5/74,,Manchester ENG,5/22/16,,,,,,,
10 km,F,42,42y36d,32:28,1948,Veerle,Dejaeghere ,BEL,8/1/73,,Tilburg NED,9/6/15,,,,,,,
10 km,F,43,43y38d,32:41,1961,Tatyana,Pozdniakova ,UKR,3/4/55,Crescent City Classic,"New Orleans, LA",4/11/98,RRIC,,,,,,
10 km,F,44,44y334d,33:08,1988,Priscilla,Welch ,USA,11/22/44,,Baltimore MD USA,10/22/89,,,,,,,
10 km,F,45,45y189d,33:29,2009,Stephanie,Herbst-Lucke,USA,12/27/65,Peachtree Road Race,"Atlanta, GA",7/4/11,GA08010WC,,,,,,
10 km,F,46,46y66d,34:01,2041,Firaya,Sultanova-Zhadanova,USA,4/29/61,Peachtree Road Race,"Atlanta, GA",7/4/07,GA00012WC,,,,,,
10 km,F,47,47y19d,33:28,2008,Tatyana,Pozdniakova ,UKR,3/4/55,Azalea Trail Run,Mobile AL USA,3/23/02,,,,,,,
10 km,F,48,48y115d,34:01,2041,Evy,Palm ,SWE,1/31/42,,Goteborg SWE,5/26/90,,,,,,,
10 km,F,49,49y142d,33:39,2019,Linda,Somers ,USA,5/7/61,Heritage Oaks Bank 10K,Paso Robles CA USA,9/26/10,,,,,,,
10 km,F,50,50y141d,34:14,2054,Linda,Somers ,USA,5/7/61,Heritage Oaks Bank 10K,Paso Robles CA USA,9/25/11,,,,,,,
10 km,F,51,51y21d,34:44,2084,Tatyana,Pozdniakova ,UKR,3/4/55,Azalea Trail Run,Mobile AL USA,3/25/06,,,,,,,
10 km,F,52,52y62d,35:43,2143,Nicole,Leveque ,FRA,1/27/51,,Laval FRA,3/30/03,,,,,,,
10 km,F,53,53y352d,35:41,2141,Fiona,Matheson ,SCO,4/25/61,,Grangemouth SCO,4/12/15,,,,,,,
10 km,F,54,54y292d,36:03,2163,Silke,Schmidt ,GER,8/7/59,,The Hague NED,5/25/14,,,,,,,
10 km,F,55,55y160d,36:16,2176,Fiona,Matheson ,SCO,4/25/61,,Glasgow SCO,10/2/16,,,,,,,
10 km,F,56,56y51d,36:18,2178,Silke,Schmidt ,GER,8/7/59,,Utrecht NED,9/27/15,,,,,,,
10 km,F,57,57y103d,37:22,2242,Houria,Frechou ,FRA,1/19/60,,Balma FRA,5/1/17,,,,,,,
10 km,F,58,58y224d,38:09,2289,Daphne,Ellmore ,ENG,5/22/50,,Cleethorpes ENG,1/1/09,,,,,,,
10 km,F,59,59y16d,38:37,2317,Daphne,Ellmore ,ENG,5/22/50,,Woodhall Spa ENG,6/7/09,,,,,,,
10 km,F,60,60y15d,39:10,2350,Daphne,Ellmore ,ENG,5/22/50,,Woodhill Spa ENG,6/6/10,,,,,,,
10 km,F,61,61y337d,39:49,2389,Nicole,Leveque ,FRA,1/27/51,,Chateau Gontier FRA,12/30/12,,,,,,,
10 km,F,62,62y163d,38:56,2336,Lidia,Zentner ,GER,3/27/53,,Bad Liebenzell GER,9/6/15,,,,,,,
10 km,F,63,63y47d,40:59,2459,Kathryn,Martin ,USA,9/30/51,.US National 12K (10K split),Alexandria VA USA,11/16/14,,,,,,,
10 km,F,64,64y14d,38:57,2337,Angela,Copson ,ENG,4/20/47,,Silverstone ENG,5/4/11,,,,,,,
10 km,F,65,65y27d,41:59,2519,Emmi,Luthi ,SUI,3/1/44,,Payerne SUI,3/28/09,,,,,,,
10 km,F,65,65y184d,41:57,2517,Kathryn,Martin ,USA,9/30/51,Aspire 10K,"Plainview, NY",4/1/17,NY12008JG,,,,,,
10 km,F,66,66y1d,42:18,2538,Kathryn,Martin ,USA,9/30/51,Grete's Great Gallop 10K,New York NY USA,10/1/17,,I gave her net time,,,,,
10 km,F,67,67y14d,42:21,2541,Angela,Copson ,ENG,4/20/47,,King's Lynn ENG,5/4/14,,,,,,,
10 km,F,68,68y20d,40:30,2430,Angela,Copson ,ENG,4/20/47,,Manchester ENG,5/10/15,,,,,,,
10 km,F,69,69y59d,43:05,2585,Angela,Copson ,ENG,4/20/47,,Worcester ENG,6/18/16,,,,,,,
10 km,F,70,70y39d,45:11,2711,Angela,Copson ,ENG,4/20/47,,London ENG,5/29/17,,,,,,,
10 km,F,71,71y29d,44:09,2649,Lavinia,Petrie ,AUS,9/13/43,,Melbourne AUS,10/12/14,,,,,,,
10 km,F,72,72y213d,47:07,2827,Rimma,Vasina ,RUS,10/23/40,,Upice CZE,5/24/13,,,,,,,
10 km,F,73,73y187d,48:07,2887,Louise,Gilchrist ,ENG,3/7/33,,Partington ENG,9/10/06,,,,,,,
10 km,F,74,74y46d,49:08,2948,Louise,Gilchrist ,ENG,3/7/33,,Bolton ENG,4/22/07,,,,,,,
10 km,F,75,75y184d,49:31,2971,Louise,Gilchrist ,ENG,3/7/33,,Partington ENG,9/7/08,,,,,,,
10 km,F,76,76y58d,50:02,3002,Louise,Gilchrist ,ENG,3/7/33,,Rothwell ENG,5/4/09,,,,,,,
10 km,F,77,77y17d,51:23,3083,Melitta,Czerwenka ,GER,4/30/30,,Regensburg GER,5/17/07,,,,,,,
10 km,F,78,78y317d,53:38,3218,Libby,James,USA,7/12/36,Bolder Boulder,"Boulder, CO ",5/25/15,CO11021DCR,,,,,,
10 km,F,79,79y33d,54:54,3294,Odette,Maisongrosse ,FRA,2/4/36,,Blagnac FRA,3/8/15,,,,,,,
10 km,F,80,80y339d,55:05,3305,Denise,Leclerc ,FRA,10/10/33,,Macon FRA,9/14/14,,,,,,,
10 km,F,81,81y238d,54:17,3257,Deidre,Larkin ,RSA,9/24/31,,Durban RSA,5/19/13,,,,,,,
10 km,F,82,82y53d,53:16,3196,Libby,James,USA,7/12/36,Fortitude 10K,"Fort Collins, CO",9/3/18,Andy Carr,,,,,,
10 km,F,83,83y12d,1:01:03,3663,Lenore,Montgomery ,CAN,5/28/30,,White Rock BC CAN,6/9/13,,,,,,,
10 km,F,84,84y51d,1:01:31,3691,Deidre,Larkin ,RSA,9/24/31,,Pretoria RSA,11/14/15,,,,,,,
10 km,F,85,85y127d,59:51,3591,Deidre,Larkin ,RSA,9/24/31,,Benoni RSA,1/29/17,,,,,,,
10 km,F,86,86y337d,1:14:13,4453,Lenore,Montgomery ,CAN,5/28/30,,Victoria BC CAN,4/30/17,,,,,,,
10 km,F,87,87y289d,1:15:30,4530,Hedy,Marque,USA,5/27/17,St. Patrick's Day 10k,"Washington, DC",3/12/05,DC00002JS,,,,,,
10 km,F,88,88y111d,1:18:29,4709,Ruth,Rothfarb,USA,6/18/01,Tufts Health Plan 10K for Women,"Boston, MA",10/7/89,RRIC & Andy Carr,,,,,,
10 km,F,89,89y18d,1:24:52,5092,Harriette,Thompson,USA,3/27/23,Charlotte Racefest 10K,"Charlotte, NC",4/14/12,NC16002DW,certified the next year,,,,,
10 km,F,90,,2:20:31,8431,Tush,Metcalf,USA,,Ukrops Monument Ave 10K,"Richmond, VA ",4/1/12,VA04002RT,,,,,,
10 km,F,92,92y15d,1:24:52,5092,Harriette,Thompson,USA,3/27/23,Charlotte Racefest 10K,"Charlotte, NC",4/11/15,NC16002DW,,,,,,
12 km,F,7,7y309d,1:02:21,3741,Elizabeth-Ann,Westrip,USA,1/28/09,,Aberdeen NC USA,12/3/16,,,,,,,
12 km,F,13,13y222d,51:26,3086,Morgan,Lucason,USA,11/1/02,,Canastota NY USA,6/11/16,,,,,,,
12 km,F,15,15y356d,41:22,2482,Lydia,Cheromei Kogo,KEN,5/11/77,Lilac Bloomsday Run 12K,Spokane WA USA,5/2/93,,,,,,,
12 km,F,17,17y358d,39:35,2375,Gladys,Ondeyo,KEN,5/10/75,Lilac Bloomsday Run 12K,Spokane WA USA,5/2/93,,,,,,,
12 km,F,18,18y143d,39:37,2377,Esther,Chemutai,KEN,11/2/93,,Zandvoort NED,3/25/12,,,,,,,
12 km,F,19,19y53d,39:53,2393,Rita,Cheptoo Sitienei,KEN,2/15/81,,Voghera ITA,4/9/00,,,,,,,
12 km,F,20,20y301d,39:34,2374,Leah,Cherotich,KEN,12/30/87,,Santiago de Compostela ESP,10/26/08,,,,,,,
12 km,F,21,21y70d,38:37,2317,Lineth,Chepkurui,KEN,2/23/88,Lilac Bloomsday Run 12K,Spokane WA USA,5/3/09,,,,,,,
12 km,F,22,22y69d,38:10,2290,Lineth,Chepkurui,KEN,2/23/88,Lilac Bloomsday Run 12K,Spokane WA USA,5/2/10,,,,,,,
12 km,F,23,23y35d,38:21,2301,Emily,Sisson,USA,10/12/91,.US National 12K,Alexandria VA USA,11/16/14,,,,,,,
12 km,F,24,24y73d,38:50,2330,Emily,Muge Chebet,KEN,2/18/86,Lilac Bloomsday Run 12K,Spokane WA USA,5/2/10,,,,,,,
12 km,F,25,25y167d,39:15,2355,Gladys,Cherono,KEN,5/12/83,,Santiago de Compostela ESP,10/26/08,,,,,,,
12 km,F,26,26y134d,38:03,2283,Cynthia,Cherotich Limo,KEN,12/18/89,Lilac Bloomsday Run 12K,Spokane WA USA,5/1/16,,,,,,,
12 km,F,27,27y234d,38:52,2332,Edna,Kiplagat Ngeringwony,KEN,9/15/79,Lilac Bloomsday Run 12K,Spokane WA USA,5/6/07,,,,,,,
12 km,F,28,28y203d,38:26,2306,Mamitu,Daska Molisa,ETH,10/16/83,Lilac Bloomsday Run 12K,Spokane WA USA,5/6/12,,,,,,,
12 km,F,29,29y78d,37:50,2270,Molly,Huddle,USA,8/31/84,.US National 12K,Alexandria VA USA,11/17/13,,,,,,,
12 km,F,30,30y77d,38:08,2288,Molly,Huddle,USA,8/31/84,.US National 12K,Alexandria VA USA,11/16/14,,,,,,,
12 km,F,31,31y76d,38:36,2316,Molly,Huddle,USA,8/31/84,.US National 12K,Alexandria VA USA,11/15/15,,,,,,,
12 km,F,32,32y132d,37:58,2278,Shalane,Flanagan,USA,7/8/81,.US National 12K,Alexandria VA USA,11/17/13,,,,,,,
12 km,F,33,33y283d,39:05,2345,Alisha,Williams,USA,2/5/82,.US National 12K,Alexandria VA USA,11/15/15,,,,,,,
12 km,F,34,34y208d,39:23,2363,Elana,Meyer,RSA,10/10/66,Lilac Bloomsday Run 12K,Spokane WA USA,5/6/01,,,,,,,
12 km,F,35,35y19d,39:17,2357,Brianne,Nelson,USA,10/27/80,.US National 12K,Alexandria VA USA,11/15/15,,,,,,,
12 km,F,36,36y262d,40:01,2401,Dulce-Maria,Rodriguez delaCruz,MEX,8/14/72,Lilac Bloomsday Run 12K,Spokane WA USA,5/3/09,,,,,,,
12 km,F,37,37y365d,39:58,2398,Kerryn,McCann,AUS,5/2/67,Lilac Bloomsday Run 12K,Spokane WA USA,5/1/05,,,,,,,
12 km,F,38,38y19d,38:53,2333,Colleen,De Reuck,USA,4/16/64,Lilac Bloomsday Run 12K,Spokane WA USA,5/5/02,,,,,,,
12 km,F,39,39y18d,40:22,2422,Colleen,De Reuck,USA,4/16/64,Lilac Bloomsday Run 12K,Spokane WA USA,5/4/03,,,,,,,
12 km,F,40,40y138d,40:31,2431,Jennifer,Rhines,USA,7/1/74,.US National 12K,Alexandria VA USA,11/16/14,,,,,,,
12 km,F,41,41y137d,40:04,2404,Jennifer,Rhines,USA,7/1/74,.US National 12K,Alexandria VA USA,11/15/15,,,,,,,
12 km,F,42,42y5d,40:49,2449,Firiya,Sultanova,RUS,4/29/61,Lilac Bloomsday Run 12K,Spokane WA USA,5/4/03,,,,,,,
12 km,F,43,43y3d,41:28,2488,Firiya,Sultanova,RUS,4/29/61,Lilac Bloomsday Run 12K,Spokane WA USA,5/2/04,,,,,,,
12 km,F,44,44y202d,42:04,2524,Perry,Shoemaker,USA,4/27/71,.US National 12K,Alexandria VA USA,11/15/15,,,,,,,
12 km,F,45,45y64d,43:18,2598,Tatyana,Pozdniakova,UKR,3/4/55,Lilac Bloomsday Run 12K,Spokane WA USA,5/7/00,,,,,,,
12 km,F,46,46y164d,42:56,2576,Priscilla,Welch,USA,11/22/44,Lilac Bloomsday Run 12K,Spokane WA USA,5/5/91,,,,,,,
12 km,F,47,47y162d,42:58,2578,Priscilla,Welch,USA,11/22/44,Lilac Bloomsday Run 12K,Spokane WA USA,5/3/92,,,,,,,
12 km,F,48,48y77d,46:13,2773,Marilyn,Arsenault,USA,2/14/68,Lilac Bloomsday Run 12K,Spokane WA USA,5/1/16,WA06009BL,,,,,,
12 km,F,49,49y59d,45:52,2752,Tatyana,Pozdniakova,UKR,3/4/55,Lilac Bloomsday Run 12K,Spokane WA USA,5/2/04,,,,,,,
12 km,F,50,50y171d,45:55,2755,Daniela,Gassmann,SUI,7/23/64,,Dietikon SUI,1/10/15,,,,,,,
12 km,F,51,51y111d,47:05,2825,Sylvie,Thevenet,FRA,8/29/60,,La Creche FRA,12/18/11,,,,,,,
12 km,F,52,52y176d,44:56,2696,Shirley,Matson,USA,11/7/40,Lilac Bloomsday Run 12K,Spokane WA USA,5/2/93,,,,,,,
12 km,F,53,53y187d,47:38,2858,Houria,Frechou,FRA,1/19/60,,Bayonne FRA,7/24/13,,,,,,,
12 km,F,54,54y341d,48:33,2913,Joan,Ottaway,USA,3/16/44,,Orlando FL USA,2/20/99,,,,,,,
12 km,F,55,55y124d,48:22,2902,Christine,Kennedy,USA,12/29/54,Lilac Bloomsday Run 12K,Spokane WA USA,5/2/10,,,,,,,
12 km,F,56,56y227d,49:04,2944,Carmen,Ayala-Troncoso,USA,4/2/59,.US National 12K,Alexandria VA USA,11/15/15,,,,,,,
12 km,F,57,57y184d,46:27,2787,Joan,Samuelson,USA,5/16/57,.US National 12K,Alexandria VA USA,11/16/14,,,,,,,
12 km,F,58,58y130d,49:39,2979,Rosalia,Zanoner,ITA,12/3/51,,Bolzano ITA,4/11/10,,,,,,,
12 km,F,59,59y111d,51:43,3103,Shirley,Matson,USA,11/7/40,,Orlando FL USA,2/26/00,,,,,,,
12 km,F,60,60y274d,50:49,3049,Barbara,Miller,USA,8/7/39,Lilac Bloomsday Run 12K,Spokane WA USA,5/7/00,WA97006MR,,,,,,
12 km,F,61,61y58d,51:18,3078,Stefica,Gajic,SUI,11/12/48,,Dietikon SUI,1/9/10,,,,,,,
12 km,F,62,62y48d,48:59,2939,Kathryn,Martin,USA,9/30/51,.US National 12K,Alexandria VA USA,11/17/13,,,,,,,
12 km,F,63,63y47d,48:54,2934,Kathryn,Martin,USA,9/30/51,.US National 12K,Alexandria VA USA,11/16/14,,,,,,,
12 km,F,64,64y46d,49:25,2965,Kathryn,Martin,USA,9/30/51,.US National 12K,Alexandria VA USA,11/15/15,,,,,,,
12 km,F,65,65y34d,51:27,3087,Emmi,Luthi,SUI,3/1/44,,Kehrsatz SUI,4/4/09,,,,,,,
12 km,F,66,66y68d,52:29,3149,Emmi,Luthi,SUI,3/1/44,,Kehrsatz SUI,5/8/10,,,,,,,
12 km,F,67,67y25d,57:49,3469,Jo-Anne,Rowland,USA,4/1/48,Capital City Classic 12K,Sacramento CA USA,4/26/15,,,,,,,
12 km,F,68,69y18d,1:02:04,3724,Judy,Fisher,USA,11/30/42,12Ks of Christmas,"Kirkland, WA",12/18/11,WA08060MW,,,,,,
12 km,F,69,69y244d,1:01:08,3668,Algene,Williams,USA,2/5/16,Oktoberfast,"Itasca, IL",10/6/85,Andy Carr,,,,,,
12 km,F,70,70y125d,58:22,3502,June,Machala,USA,1/1/31,Lilac Bloomsday Run 12K,Spokane WA USA,5/6/01,,,,,,,
12 km,F,71,71y193d,1:01:44,3704,Sylvia ,Quinn,USA,10/23/36,Lilac Bloomsday Run 12K,Spokane WA USA,5/4/08,WA06009BL,,,,,,
12 km,F,72,72y123d,59:44,3584,June,Machala,USA,1/1/31,Lilac Bloomsday Run 12K,Spokane WA USA,5/4/03,WA97006MR,,,,,,
12 km,F,73,73y121d,1:02:06,3726,June,Machala,USA,1/1/31,Lilac Bloomsday Run 12K,Spokane WA USA,5/2/04,WA97006MR,,,,,,
12 km,F,74,74y120d,1:03:20,3800,June,Machala,USA,1/1/31,Lilac Bloomsday Run 12K,Spokane WA USA,5/1/05,WA97006MR,,,,,,
12 km,F,75,75y126d,1:01:52,3712,June,Machala,USA,1/1/31,Lilac Bloomsday Run 12K,Spokane WA USA,5/7/06,WA97006MR,,,,,,
12 km,F,76,76y10d,1:05:01,3901,Heide,Moebius,USA,11/10/38,.US National 12K,Alexandria VA USA,11/20/14,,,,,,,
12 km,F,77,77y296d,1:01:11,3671,Libby,James,USA,7/12/36,Lilac Bloomsday Run 12K,Spokane WA USA,5/4/14,F75-79 AR,,,,,,
15 km,F,7,7y300d,1:22:35,4955,Elizabeth-Ann,Westrip ,USA,1/28/09,Turkey Trot 15K ,Tallahasse FL USA,11/24/16,,,,,,,
15 km,F,8,8y181d,1:15:52,4552,Reagan,Jones ,USA,6/29/06,,Wool Market MS USA,12/27/14,,,,,,,
15 km,F,9,9y180d,1:17:44,4664,Reagan,Jones ,USA,6/29/06,,Wool Market MS USA,12/26/15,,,,,,,
15 km,F,10,10y275d,1:12:19,4339,Alexandra,Trigg ,USA,6/11/05,Gates River Run 15k ,Jacksonville FL USA,3/12/16,,,,,,,
15 km,F,12,12y084d,1:05:00,3900,Madison,Denny ,USA,10/18/03,,San Francisco CA USA,1/10/16,,,,,,,
15 km,F,13,13y036d,1:01:00,3660,Vickie,Cook ,USA,5/29/64,,Santa Barbara CA USA,7/4/77,,,,,,,
15 km,F,14,14y345d,55:31,3331,Karlene,Herrell ,USA,7/6/65,,Omaha NE USA,6/15/80,,,,,,,
15 km,F,15,15y135d,51:06,3066,Irvette,vanZyl ,RSA,7/5/87,,Nijmegen NED,11/17/02,,,,,,,
15 km,F,16,16y341d,51:39,3099,Tausi,Juma Ngaa,TAN,6/1/83,,Breda NED,5/7/00,,,,,,,
15 km,F,17,17y217d,49:14,2954,Winnie,Chepkemoi ,KEN,10/9/93,,Massamagrell ESP,5/14/11,,,,,,,
15 km,F,18,18y049d,49:46,2986,Muliye,Dekebo Haylemariyam,ETH,3/13/98,,Le Puy-en-Velay FRA,5/1/16,,,,,,,
15 km,F,19,19y308d,48:33,2913,Mekasha,Waganesh Amare,ETH,1/16/92,,Nijmegen NED,11/20/11,,,,,,,
15 km,F,20,20y063d,49:06,2946,Mestawat,Tufa Demissie,ETH,9/14/83,,Nijmegen NED,11/16/03,,,,,,,
15 km,F,21,21y107d,48:15,2895,Gladys,Cheshire Kiptagelai,KEN,12/10/94,,Cardiff WAL,3/26/16,,,,,,,
15 km,F,22,22y181d,48:14,2894,Peres,Chepchirchir ,KEN,9/27/93,,Cardiff WAL,3/26/16,,,,,,,
15 km,F,23,23y066d,47:22,2842,Mestawat,Tufa Demissie,ETH,9/14/83,,Nijmegen NED,11/19/06,,,,,,,
15 km,F,24,24y167d,46:28,2788,Tirunesh,Dibaba ,ETH,6/1/85,,Nijmegen NED,11/15/09,,,,,,,
15 km,F,25,25y063d,46:57,2817,Mestawat,Tufa Demissie,ETH,9/14/83,,Nijmegen NED,11/16/08,,,,,,,
15 km,F,26,26y290d,47:48,2868,Bizunesh,Bekele Sertsu,ETH,1/29/83,,Nijmegen NED,11/15/09,,,,,,,
15 km,F,27,27y194d,47:02,2822,Lydia,Cheromei Kogo,KEN,5/11/77,,Nijmegen NED,11/21/04,,,,,,,
15 km,F,28,28y271d,47:32,2852,Emily,Muge Chebet,KEN,2/18/86,,Nijmegen NED,11/16/14,,,,,,,
15 km,F,29,29y122d,48:00,2880,Rose,Cheruiyot Kosgei,KEN,7/21/76,,Nijmegen NED,11/20/05,,,,,,,
15 km,F,30,30y145d,46:59,2819,Priscilla,Cheptoo ,KEN,6/24/84,,Nijmegen NED,11/16/14,,,,,,,
15 km,F,31,31y245d,47:17,2837,Ingrid,Kristiansen ,NOR,3/21/56,,Monte Carlo MON,11/21/87,,,,,,,
15 km,F,32,32y250d,47:00,2820,Shalane,Flanagan ,USA,7/8/81,Gates River Run 15k ,Jacksonville FL USA,3/15/14,,,,,,,
15 km,F,33,33y201d,47:37,2857,Lornah,Kiplagat ,NED,5/1/74,,Nijmegen NED,11/18/07,,,,,,,
15 km,F,34,34y024d,47:20,2840,Deena,Kastor ,USA,2/14/73,Gates River Run 15k ,Jacksonville FL USA,3/10/07,,,,,,,
15 km,F,35,35y205d,49:24,2964,Janet,Bawcom ,USA,8/22/78,Gates River Run 15k ,Jacksonville FL USA,3/15/14,,,,,,,
15 km,F,36,36y254d,49:31,2971,Jennifer,Rhines ,USA,7/1/74,Gates River Run 15k ,Jacksonville FL USA,3/12/11,,,,,,,
15 km,F,37,37y080d,48:54,2934,Edna,Kiplagat Ngeringwony,KEN,9/15/79,,s'Heerenberg NED,12/4/16,,,,,,,
15 km,F,38,38y106d,48:43,2923,Francie,Larrieu ,USA,11/23/52,Gates River Run 15k ,Jacksonville FL USA,3/9/91,,,,,,,
15 km,F,39,39y229d,49:02,2942,Edith,Masai ,KEN,4/4/67,,Nijmegen NED,11/19/06,,,,,,,
15 km,F,40,40y107d,49:35,2975,Priscilla,Welch ,USA,11/22/44,Gates River Run 15k ,Jacksonville FL USA,3/9/85,,,,,,,
15 km,F,41,41y078d,50:25,3025,Priscilla,Welch ,USA,11/22/44,Gasparilla Distance Classic 15K,Tampa FL USA,2/8/86,,,,,,,
15 km,F,42,42y246d,50:58,3058,Ramilya,Burangulova ,RUS,7/11/61,Gates River Run 15k ,Jacksonville FL USA,3/13/04,,,,,,,
15 km,F,43,43y122d,49:55,2995,Nicole,Leveque ,FRA,1/27/51,,La Courneuve FRA,5/29/94,,,,,,,
15 km,F,44,44y093d,50:49,3049,Nicole,Leveque ,FRA,1/27/51,,La Courneuve FRA,4/30/95,,,,,,,
15 km,F,45,45y294d,49:48,2988,Evy,Palm ,SWE,1/31/42,,Monte Carlo MON,11/21/87,,,,,,,
15 km,F,46,46y079d,52:34,3154,Priscilla,Welch ,USA,11/22/44,Gasparilla Distance Classic 15K,Tampa FL USA,2/9/91,,,,,,,
15 km,F,47,47y005d,51:46,3106,Tatyana,Pozdniakova ,UKR,3/4/55,Gates River Run 15k ,Jacksonville FL USA,3/9/02,,,,,,,
15 km,F,48,48y256d,51:25,3085,Evy,Palm ,SWE,1/31/42,,Dublin IRL,10/14/90,,,,,,,
15 km,F,49,49y009d,50:16,3016,Tatyana,Pozdniakova ,UKR,3/4/55,Gates River Run 15k ,Jacksonville FL USA,3/13/04,,,,,,,
15 km,F,50,50y241d,52:38,3158,Monica,Joyce ,USA,7/16/58,Gates River Run 15k ,Jacksonville FL USA,3/14/09,,,,,,,
15 km,F,51,51y131d,57:19,3439,Lucy,Brennan ,IRL,1/2/59,,Crozon FRA,5/13/10,,,,,,,
15 km,F,52,15 kmy52d,55:49,3349,Shirley,Matson,USA,11/7/40,Cascade Run Off 15K,"Portland, OR",6/27/93,RRIC & Andy Carr,,,,,,
15 km,F,53,53y329d,57:09,3429,Manna,Kwak ,NED,12/14/44,,s'Heerenberg NED,11/8/98,,,,,,,
15 km,F,54,15 kmy54d,57:52,3472,Marion,Irvine,USA,10/19/29,Avon 15K,"San Francisco, CA",4/8/84,RRIC & Andy Carr,,,,,,
15 km,F,55,55y238d,59:05,3545,Diane,Legare ,CAN,3/19/51,Stockade-athon 15K,Schenectady NY USA,11/12/06,,,,,,,
15 km,F,56,,59:35,3575,Cindy,Conant,USA,,Great Allegany Run 15K,"Cumberland, MD",10/7/17,MD11011JS,,,,,,
15 km,F,57,57y307d,1:01:17,3677,Bronwen,Cardy ,WAL,1/26/52,,Melbourne AUS,11/29/09,,,,,,,
15 km,F,58,58y341d,1:01:02,3662,Kathryn,Martin ,USA,9/30/51,,Buffalo NY USA,9/6/10,,,,,,,
15 km,F,59,59y076d,59:51,3591,Christine,Kennedy ,USA,12/29/54,Gates River Run 15k ,Jacksonville FL USA,3/15/14,,,,,,,
15 km,F,60,60y078d,1:01:25,3685,Kathryn,Martin ,USA,9/30/51,,New York NY USA,12/17/11,,,,,,,
15 km,F,61,61y165d,1:04:01,3841,Margaret,Saunders ,RSA,9/16/53,,Port Elizabeth RSA,2/28/15,,,,,,,
15 km,F,62,62y26d,1:00:43,3643,Kathryn,Martin ,USA,9/30/51,USATF Masters 15 km Championships,"Tulsa, OK",10/26/13,Andy Carr,,,,,,
15 km,F,63,63y125d,1:04:05,3845,Stefica,Gajic ,SUI,11/12/48,,Kerzers SUI,3/17/12,,,,,,,
15 km,F,64,64y238d,1:05:09,3909,Sabra,Harvey ,USA,3/2/49,USATF Masters 15 km Championships,"Tulsa, OK",10/26/13,OK12087DG,,,,,,
15 km,F,65,65y156d,1:05:04,3904,Kathryn,Martin ,USA,9/30/51,Caumsett Park 50K (15K split),"Lloyd Neck, NY",3/5/17,F65-69 AR,,,,,,
15 km,F,66,66y243d,1:07:12,4032,Sabra,Harvey ,USA,3/2/49,USATF Masters 15K Championships,Tulsa OK USA,10/31/15,,,,,,,
15 km,F,67,67y145d,1:06:43,4003,Rae,Baymiller ,USA,7/27/43,,New York NY USA,12/19/10,,,,,,,
15 km,F,68,68y240d,1:07:24,4044,Sabra,Harvey ,USA,3/2/49,USATF Masters 15 km Championships,"Tulsa, OK",10/28/17,OK15049KH,,,,,,
15 km,F,69,,1:10:09,4209,Jeannie,Rice,USA,,USATF Masters 15 km Championships,"Tulsa, OK",10/28/17,OK15049KH,,,,,,
15 km,F,70,70y204d,1:12:52,4372,Jo,Klein ,NED,5/1/34,,Nijmegen NED,11/21/04,,,,,,,
15 km,F,71,71y34d,1:17:10,4630,Norma,Thomas ,USA,5/31/42,,Santa Barbara CA USA,7/4/13,,,,,,,
15 km,F,72,72y202d,1:14:31,4471,Jo,Klein ,NED,5/1/34,,Nijmegen NED,11/19/06,,,,,,,
15 km,F,73,,1:14:39,4479,Sandra,Baker,USA,,"Gasparilla Distance Classic, 15K","Tampa, FL",2/25/17,FL14014EBM,,,,,,
15 km,F,74,92y117d,1:16:35,4595,Hedy,Marque,USA,5/27/17,George Washington Parkway Classic,"Alexandria, VA",4/26/92,VA01001JS,Uphill P-P,,,,,
15 km,F,75,93y116d,1:19:27,4767,Hedy,Marque,USA,5/27/17,George Washington Parkway Classic,"Alexandria, VA",4/25/93,VA01001JS,Uphill P-P,,,,,
15 km,F,76,94y115d,1:21:37,4897,Hedy,Marque,USA,5/27/17,George Washington Parkway Classic,"Alexandria, VA",4/24/94,VA01001JS,Uphill P-P,,,,,
15 km,F,77,95y114d,1:19:44,4784,Hedy,Marque,USA,5/27/17,George Washington Parkway Classic,"Alexandria, VA",4/23/95,VA01001JS,Uphill P-P,,,,,
15 km,F,78,96y112d,1:29:21,5361,Hedy,Marque,USA,5/27/17,George Washington Parkway Classic,"Alexandria, VA",4/21/96,VA01001JS,Uphill P-P,,,,,
15 km,F,79,97y111d,1:25:05,5105,Hedy,Marque,USA,5/27/17,George Washington Parkway Classic,"Alexandria, VA",4/20/97,VA01001JS,Uphill P-P,,,,,
15 km,F,80,80y109d,1:25:09,5109,Libby,James ,USA,7/12/36,USATF Masters 15K Championships,Tulsa OK USA,10/29/16,,,,,,,
15 km,F,81,99y109d,1:27:30,5250,Hedy,Marque,USA,5/27/17,George Washington Parkway Classic,"Alexandria, VA",4/18/99,VA01001JS,Uphill P-P,,,,,
15 km,F,82,100y107d,1:41:55,6115,Hedy,Marque,USA,5/27/17,George Washington Parkway Classic,"Alexandria, VA",4/16/00,VA01001JS,Uphill P-P,,,,,
15 km,F,83,101y113d,1:50:33,6633,Hedy,Marque,USA,5/27/17,George Washington Parkway Classic,"Alexandria, VA",4/22/01,VA01001JS,Uphill P-P,,,,,
15 km,F,84,,1:44:26,6266,Fenya,Crown,USA,,,WA,6/14/97,RRIC,,,,,,
15 km,F,87,87y124d,2:29:01,8941,Haley,Olson ,USA,11/8/28,,Jacksonville FL USA,3/12/16,,,,,,,
15 km,F,90,90y336d,2:45:41,9941,Judith,Baizan ,USA,3/21/25,,Tampa FL USA,2/20/16,,,,,,,
15 km,F,91,91y341d,2:52:59,10379,Judith,Baizan ,USA,3/21/25,,Tampa FL USA,2/25/17,,,,,,,
15 km,F,92,92y340d,2:38:58,9538,Judith,Baizan ,USA,3/21/25,"Gasparilla Distance Classic, 15K","Tampa, FL",2/24/18,FL14014EBM,,,,,,
10 Mile,F,7,7y316d,1:28:23,5303,Elizabeth-Ann,Westrip ,USA,1/28/2009,,Dalton GA USA,12/10/2016,,,,,,,
10 Mile,F,8,8y237d,1:26:02,5162,Reagan,Jones ,USA,6/29/2006,,Bay Saint Louis MS USA,2/21/2015,,,,,,,
10 Mile,F,9,9y78d,1:09:43,4183,Sarah,Schwald ,USA,1/2/1973,,Redmond WA USA,3/21/1982,,,,,,,
10 Mile,F,12,12y341d,58:39,3519,Shona,Jones ,USA,3/24/1968,,Lincoln NE USA,2/28/1981,,,,,,,
10 Mile,F,13,13y340d,59:32,3572,Shona,Jones ,USA,3/24/1968,,Lincoln NE USA,2/27/1982,,,,,,,
10 Mile,F,14,14y129d,1:00:15,3615,Shona,Jones ,USA,3/24/1968,,Atwood KS USA,7/31/1982,,,,,,,
10 Mile,F,15,15y328d,54:03,3243,Lydia,Cheromei Kogo,KEN,5/11/1977,Cherry Blossom 10 Mile,Washington DC USA,4/4/1993,,,,,,,
10 Mile,F,16,16y229d,56:19,3379,Mary,Naali Xwaymay,TAN,12/29/1992,,Schortens GER,8/15/2009,,,,,,,
10 Mile,F,17,17y77d,53:46,3226,Ogla,Kimaiyo Cherono,KEN,7/24/1988,,Portsmouth ENG,10/9/2005,,,,,,,
10 Mile,F,18,18y262d,51:40,3100,Rose,Cheruiyot Kosgei,KEN,7/21/1976,Cherry Blossom 10 Mile,Washington DC USA,4/9/1995,,,,,,,
10 Mile,F,19,19y191d,52:55,3175,Teyiba,Erkiso Waka,ETH,9/28/1982,Cherry Blossom 10 Mile,Washington DC USA,4/7/2002,,,,,,,
10 Mile,F,20,20y81d,51:28,3088,Dera,Dida Yami,ETH,10/26/1996,,Houston TX USA,1/15/2017,,,,,,,
10 Mile,F,21,21y258d,52:44,3164,Cathy,O'Brien ,USA,7/19/1967,Cherry Blossom 10 Mile,Washington DC USA,4/2/1989,,,,,,,
10 Mile,F,22,22y270d,51:38,3098,Buze,Diriba Kejela,ETH,2/9/1994,,Pittsburgh PA USA,11/6/2016,,,,,,,
10 Mile,F,23,23y44d,52:33,3153,Delillah,Asiago Kemunto,KEN,2/24/1972,,New York NY USA,4/8/1995,,,,,,,
10 Mile,F,24,24y188d,51:41,3101,Jill,Boltz ,ENG,10/14/1966,,New York NY USA,4/20/1991,,,,,,,
10 Mile,F,25,25y25d,52:03,3123,Emily,Sisson ,USA,10/12/1991,,Pittsburgh PA USA,11/6/2016,,,,,,,
10 Mile,F,26,26y328d,52:23,3143,Lisa,Ondieki ,AUS,5/12/1960,Cherry Blossom 10 Mile,Washington DC USA,4/5/1987,,,,,,,
10 Mile,F,27,27y78d,51:16,3076,Veronica,Nyaruai Wanjiru,KEN,10/29/1989,,Houston TX USA,1/15/2017,,,,,,,
10 Mile,F,28,28y105d,52:14,3134,Liz,McColgan ,SCO,5/24/1964,,Sandiacre ENG,9/6/1992,,,,,,,
10 Mile,F,29,29y29d,51:52,3112,Lyudmila,Biktasheva ,RUS,7/25/1974,Crim 10 Mile,Flint MI USA,8/23/2003,,,,,,,
10 Mile,F,30,30y173d,52:05,3125,Mamitu,Daska Molisa,ETH,10/16/1983,Cherry Blossom 10 Mile,Washington DC USA,4/6/2014,,,,,,,
10 Mile,F,31,31y144d,51:49,3109,Tirunesh,Dibaba ,ETH,6/1/1985,,Portsmouth ENG,10/23/2016,,,,,,,
10 Mile,F,32,32y284d,51:00,3060,Sonia,O'Sullivan ,IRL,11/28/1969,,Portsmouth ENG,9/8/2002,,,,,,,
10 Mile,F,33,33y354d,51:16,3076,Colleen,De Reuck,USA,4/16/1964,Cherry Blossom 10 Mile,Washington DC USA,4/5/1998,,,,,,,
10 Mile,F,34,34y313d,51:11,3071,Paula,Radcliffe ,ENG,12/17/1973,,Portsmouth ENG,10/26/2008,,,,,,,
10 Mile,F,35,35y227d,52:12,3132,Janet,Bawcom ,USA,8/22/1978,Cherry Blossom 10 Mile,Washington DC USA,4/6/2014,,,,,,,
10 Mile,F,36,36y265d,52:52,3172,Carla,Beurskens ,NED,2/15/1952,,Den Haag NED,11/6/1988,,,,,,,
10 Mile,F,37,37y52d,53:43,3223,Irene,Cherotich Kosgei,KEN,9/8/1974,,Portsmouth ENG,10/30/2011,,,,,,,
10 Mile,F,38,38y358d,54:29,3269,Elena,Vyazova ,UKR,4/18/1960,Cherry Blossom 10 Mile,Washington DC USA,4/11/1999,,,,,,,
10 Mile,F,39,39y38d,53:00,3180,Joanne,Pavey ,ENG,9/20/1973,,Portsmouth ENG,10/28/2012,,,,,,,
10 Mile,F,40,40y175d,54:31,3271,Tatyana,Pozdniakova ,UKR,3/4/1955,Crim 10 Mile,Flint MI USA,8/26/1995,,,,,,,
10 Mile,F,41,41y196d,54:32,3272,Carla,Beurskens ,NED,2/15/1952,,Heerlen NED,8/29/1993,,,,,,,
10 Mile,F,42,42y35d,52:44,3164,Joanne,Pavey ,ENG,9/20/1973,,Portsmouth ENG,10/25/2015,,,,,,,
10 Mile,F,43,43y55d,55:33,3333,Joyce,Smith ,ENG,10/26/1937,,Guildford ENG,12/20/1980,,,,,,,
10 Mile,F,44,44y277d,55:18,3318,Priscilla,Welch ,USA,11/22/1944,Crim 10 Mile,Flint MI USA,8/26/1989,,,,,,,
10 Mile,F,45,45y175d,55:56,3356,Tatyana,Pozdniakova ,UKR,3/4/1955,Crim 10 Mile,Flint MI USA,8/26/2000,,,,,,,
10 Mile,F,46,46y136d,56:33,3393,Priscilla,Welch ,USA,11/22/1944,Cherry Blossom 10 Mile,Washington DC USA,4/7/1991,,,,,,,
10 Mile,F,47,47y237d,56:38,3398,Tatyana,Pozdniakova ,UKR,3/4/1955,,Jacksonville FL USA,10/27/2002,,,,,,,
10 Mile,F,48,48y344d,55:33,3333,Joyce,Smith ,ENG,10/26/1937,,Hendon ENG,10/5/1986,,,,,,,
10 Mile,F,49,49y177d,56:31,3391,Tatyana,Pozdniakova ,UKR,3/4/1955,Crim 10 Mile,Flint MI USA,8/28/2004,,,,,,,
10 Mile,F,50,50y176d,58:13,3493,Tatyana,Pozdniakova ,UKR,3/4/1955,Crim 10 Mile,Flint MI USA,8/27/2005,,,,,,,
10 Mile,F,51,51y175d,59:00,3540,Tatyana,Pozdniakova ,UKR,3/4/1955,Crim 10 Mile,Flint MI USA,8/26/2006,,,,,,,
10 Mile,F,52,52y121d,59:17,3557,Fiona,Matheson ,SCO,4/25/1961,,Dublin IRL,8/24/2013,,,,,,,
10 Mile,F,53,53y148d,1:01:22,3682,Anne,Roden ,ENG,10/9/1946,,Woking ENG,3/5/2000,,,,,,,
10 Mile,F,54,54y320d,1:02:27,7347,Joan,Samuelson ,USA,5/16/1957,Cherry Blossom 10 Mile,Washington DC USA,4/1/2012,DC10003JS,,,,,,
10 Mile,F,55,55y70d,1:01:20,3680,Jenny,Hitchings,USA,7/1/1963,Buffalo Stampede 10 Mile,"Sacramento, CA",9/9/2018,F55-59 AR,,,,,,
10 Mile,F,56,56y66d,1:03:54,3834,Christine,Kennedy ,USA,12/29/1954,NorCal 10 Mile,Redding CA USA,3/5/2011,,,,,,,
10 Mile,F,57,57y91d,1:04:42,3882,Marion,Irvine,USA,10/19/1929,California 10,"Stockton, CA",1/18/1987,RRIC & Andy Carr,,,,,,
10 Mile,F,58,58y248d,1:04:13,3853,Daphne,Ellmore ,ENG,5/22/1950,,Hull ENG,1/25/2009,,,,,,,
10 Mile,F,59,59y321d,1:03:55,3841,Joan,Samuelson ,USA,5/16/1957,Cherry Blossom 10 Mile,Washington DC USA,4/2/2017,,net time,,,,,
10 Mile,F,60,60y116d,1:05:27,3927,Kathryn,Martin,USA,9/30/1951,Sayville Brewery 10 Mile,"Patchogue, NY",1/24/2012,F60-64 AR,,,,,,
10 Mile,F,61,61y164d,1:04:51,3891,Stefica,Gajic ,SUI,11/12/1948,,Aarau SUI,4/25/2010,,,,,,,
10 Mile,F,62,62y170d,1:04:53,3893,Stefica,Gajic ,SUI,11/12/1948,,Aarau SUI,5/1/2011,,,,,,,
10 Mile,F,63,63y181d,1:07:31,4051,Stefica,Gajic ,SUI,11/12/1948,,Bern SUI,5/12/2012,,,,,,,
10 Mile,F,64,64y167d,1:08:40,4120,Stefica,Gajic ,SUI,11/12/1948,,Aarau SUI,4/28/2013,,,,,,,
10 Mile,F,65,65y106d,1:08:54,4134,Kathryn,Martin,USA,9/30/1951,Sayville Brewery 10 Mile,"Patchogue, NY",1/14/2017,F65-69 AR,,,,,,
10 Mile,F,66,66y223d,1:11:24,4284,Sabra,Harvey ,USA,3/2/1949,,Houston TX USA,10/11/2015,,,,,,,
10 Mile,F,67,67y249d,1:13:23,4403,Edie,Stevenson ,USA,7/27/1949,Cherry Blossom 10 Mile,Washington DC USA,4/2/2017,,net time,,,,,
10 Mile,F,68,68y177d,1:11:55,4315,Sabra,Harvey ,USA,3/2/1949,Crim 10 Mile,Flint MI USA,8/26/2017,,net time,,,,,
10 Mile,F,69,69y134d,1:13:31,4411,Jeannie,Rice ,USA,4/14/1948,Crim 10 Mile,Flint MI USA,8/26/2017,,net time,,,,,
10 Mile,F,70,70y150d,1:14:43,4483,Angela,Copson ,ENG,4/20/1947,,Barby ENG,9/17/2017,,,,,,,
10 Mile,F,71,71y131d,1:11:41,4301,Jeannie,Rice ,USA,4/14/1948,Crim 10 Mile,Flint MI USA,8/23/2019,MI17001SH,,,,,,
10 Mile,F,72,72y251d,1:19:28,4768,Louise,Gilchrist ,ENG,3/7/1933,,Llandudno WAL,11/13/2005,,,,,,,
10 Mile,F,73,73y257d,1:20:57,4857,Louise,Gilchrist ,ENG,3/7/1933,,Preston ENG,11/19/2006,,,,,,,
10 Mile,F,74,74y139d,1:20:33,4833,Hedy,Marque,USA,5/27/1917,Army 10-Miler,Washington DC,10/13/1991,RRIC & Andy Carr,,,,,,
10 Mile,F,75,75y55d,1:19:22,4762,Libby,James,USA,7/12/36,Park To Park,"Denver, CO",9/5/2011,CO11035DCR,,,,,,
10 Mile,F,76,76y143d,1:24:54,5094,Hedy,Marque,USA,5/27/1917,Army 10-Miler,Washington DC USA,10/17/1993,,,,,,,
10 Mile,F,77,77y310d,1:24:53,5093,Libby,James,USA,7/12/36,Colfax 10 Miler,"Denver, CO",5/18/2014,,,,,,,
10 Mile,F,77,77y144d,1:36:18,5778,Heide,Moebius ,USA,11/10/1938,Cherry Blossom 10 Mile,Washington DC,4/3/2016,,,,,,,
10 Mile,F,78,78y141d,1:30:46,5446,Hedy,Marque,USA,5/27/1917,,,10/15/1995,,,,,,,
10 Mile,F,79,79y321d,1:35:26,5726,Hedy,Marque,USA,5/27/1917,Cherry Blossom 10 Mile,Washington DC USA,4/13/1997,RRIC & Andy Carr,,,,,,
10 Mile,F,79,79y350d,1:55:25,6925,Giuseppina,Gurtner ,SUI,6/5/1925,,Bern SUI,5/21/2005,,,,,,,
10 Mile,F,80,80y313d,1:31:24,5484,Hedy,Marque,USA,5/27/1917,Cherry Blossom 10 Mile,Washington DC USA,4/5/1998,F80-84 AR,,,,,,
10 Mile,F,81,81y319d,1:37:12,5832,Hedy,Marque,USA,5/27/1917,Cherry Blossom 10 Mile,Washington DC USA,4/11/99,RRIC & Andy Carr,,,,,,
10 Mile,F,82,82y246d,2:02:26,7346,Anne,Clark,USA,9/21/1909,Valley Fox Trot,"Elgin, IL",5/25/92,RRIC & Andy Carr,,,,,,
10 Mile,F,84,83y316d,1:54:03,6843,Hedy,Marque,USA,5/27/1917,Cherry Blossom 10 Mile,Washington DC USA,4/8/01,RRIC & Andy Carr,,,,,,
10 Mile,F,85,85y335d,1:37:12,5832,Hedy,Marque,USA,5/27/1917,George Washington Parkway Classic,"Alexandria, VA",4/27/03,,"Point to point course, flat but not record eligible",,,,,
10 Mile,F,86,86y312d,2:12:49,7969,Hedy,Marque,USA,5/27/1917,Cherry Blossom 10 Mile,Washington DC USA,4/4/04,RRIC & Andy Carr,,,,,,
10 Mile,F,87,87y311d,1:57:38,7058,Hedy,Marque ,USA,5/27/1917,Cherry Blossom 10 Mile,Washington DC USA,4/3/2005,,,,,,,
10 Mile,F,90,90y291d,3:29:08,13148,Ruth,Rothfarb,USA,6/18/01,Cherry Blossom 10 Mile,Washington DC USA,4/5/92,F90-94 AR,,,,,,
20 km,F,7,7y351d,1:54:01,6841,Elizabeth-Ann,Westrip,USA,1/28/09,,Potomac MD USA,1/14/17,,,,,,,
20 km,F,13,13y334d,1:24:32,5072,Laura,Cattivera,USA,1/21/68,,Zuma Beach CA USA,12/20/81,,,,,,,
20 km,F,14,14y314d,1:31:10,5470,Mary,Wazeter,USA,9/6/63,,Wilkes-Barre PA USA,7/16/78,,,,,,,
20 km,F,15,15y199d,1:27:30,5250,Suzanne,Girard,USA,11/30/62,Vestall XX,Vestal NY USA,6/17/78,,,,,,,
20 km,F,16,16y282d,1:16:01,4561,Rumiko,Kaneko,JPN,1/9/65,,Kobe JPN,10/18/81,,,,,,,
20 km,F,17,17y362d,1:09:41,4181,Azalech,Masresha Woldeselasse,ETH,5/4/88,,Maroilles FRA,5/1/06,,,,,,,
20 km,F,18,18y257d,1:06:31,3991,Kazue,Ogoshi,JPN,3/2/81,,Kobe JPN,11/14/99,,,,,,,
20 km,F,19,19y348d,1:06:24,3984,Dera,Dida Yami,ETH,10/26/96,,Paris FRA,10/9/16,,,,,,,
20 km,F,20,20y190d,1:05:36,3936,Yurika,Nakamura,JPN,4/1/86,,Debrecen HUN,10/8/06,,,,,,,
20 km,F,21,21y130d,1:04:39,3879,Hiwot,Gebrekidan Gebremaryam,ETH,5/11/95,,Copenhagen DEN,9/18/16,,,,,,,
20 km,F,22,22y181d,1:04:13,3853,Peres,Chepchirchir,KEN,9/27/93,,Cardiff WAL,3/26/16,,,,,,,
20 km,F,23,23y86d,1:04:35,3875,Genet,Ayalew Kassahun,ETH,12/31/92,,Cardiff WAL,3/26/16,,,,,,,
20 km,F,24,24y197d,1:05:32,3932,Kayoko,Fukushi,JPN,3/25/82,,Debrecen HUN,10/8/06,,,,,,,
20 km,F,25,25y235d,1:03:47,3827,Rita,Cheptoo Sitienei,KEN,2/15/81,,Debrecen HUN,10/8/06,,,,,,,
20 km,F,26,26y314d,1:03:54,3834,Lornah,Kiplagat,NED,5/1/74,,Alphen aan den Rijn NED,3/11/01,,,,,,,
20 km,F,27,27y99d,1:04:19,3859,Mary,Wacera Ngugi,KEN,12/17/88,,Cardiff WAL,3/26/16,,,,,,,
20 km,F,28,28y127d,1:06:40,4000,Joyce,Chepchumba Koech,KEN,11/6/70,,Alphen aan den Rijn NED,3/13/99,,,,,,,
20 km,F,29,29y78d,1:05:03,3903,Sarah,Chepchirchir,KEN,7/27/84,,Paris FRA,10/13/13,,,,,,,
20 km,F,30,30y231d,1:05:30,3930,Mirriam,Wangari Karienye,KEN,2/22/79,,Paris FRA,10/11/09,,,,,,,
20 km,F,31,31y131d,1:05:42,3942,Nataliya,Berkut,UKR,5/30/75,,Debrecen HUN,10/8/06,,,,,,,
20 km,F,32,32y160d,1:03:21,3801,Lornah,Kiplagat,NED,5/1/74,,Debrecen HUN,10/8/06,,,,,,,
20 km,F,33,33y137d,1:07:04,4024,Eloise,Wellings,AUS,11/9/82,,Cardiff WAL,3/26/16,,,,,,,
20 km,F,34,34y144d,1:05:11,3911,Colleen,De Reuck,USA,4/16/64,New Haven 20K,New Haven CT USA,9/7/98,,,,,,,
20 km,F,35,35y344d,1:07:12,4032,Nadezhda,Wijenberg,NED,4/2/64,,Alphen aan den Rijn NED,3/12/00,,,,,,,
20 km,F,36,36y258d,1:03:23,3803,Constantina,Dita,ROM,1/23/70,,Debrecen HUN,10/8/06,,,,,,,
20 km,F,37,37y216d,1:07:01,4021,Janet,Bawcom,USA,8/22/78,,Cardiff WAL,3/26/16,,,,,,,
20 km,F,38,38y139d,1:07:53,4073,Colleen,De Reuck,USA,4/16/64,New Haven 20K,New Haven CT USA,9/2/02,,,,,,,
20 km,F,39,39y187d,1:05:21,3921,Edith,Masai,KEN,4/4/67,,Debrecen HUN,10/8/06,,,,,,,
20 km,F,40,40y45d,1:08:59,4139,Blake,Russell,USA,7/24/75,New Haven 20K,New Haven CT USA,9/7/15,,,,,,,
20 km,F,41,41y219d,1:05:52,3952,Deena,Kastor,USA,2/14/73,Rock 'n' Roll Philadelphia H Mar (20K split),"Philadelphia, PA",9/21/14,F40-44 AR,,,,,,
20 km,F,42,42y248d,1:09:24,4164,Stephanie,Herbst-Lucke,USA,12/27/65,New Haven 20K,New Haven CT USA,9/1/08,,,,,,,
20 km,F,43,43y187d,1:11:29,4289,Tatyana,Pozdniakova,UKR,3/4/55,New Haven 20K,New Haven CT USA,9/7/98,,,,,,,
20 km,F,44,44y58d,1:08:48,4128,Nicole,Leveque,FRA,1/27/51,,Vendome FRA,3/26/95,,,,,,,
20 km,F,45,45y144d,1:07:21,4041,Colleen,De Reuck,USA,4/16/64,New Haven 20K,New Haven CT USA,9/7/09,,,,,,,
20 km,F,46,46y143d,1:10:23,4223,Colleen,De Reuck,USA,4/16/64,New Haven 20K,New Haven CT USA,9/6/10,,,,,,,
20 km,F,47,47y77d,1:14:27,4467,Barbara,Filutze,USA,6/21/46,New Haven 20K,New Haven CT USA,9/6/93,,,,,,,
20 km,F,48,48y99d,1:17:01,4621,Carla,Ophorst,NED,12/2/58,,Alphen aan den Rijn NED,3/11/07,,,,,,,
20 km,F,49,49y149d,1:09:42,4182,Linda,Somers Smith,USA,5/7/61,Rock 'n' Roll San Jose Half Marathon (20K split),"San Jose, CA",10/3/10,F45-49 AR,,,,,,
20 km,F,50,50y96d,1:19:06,4746,Carla,Ophorst,NED,12/2/58,,Alphen aan den Rijn NED,3/8/09,,,,,,,
20 km,F,51,51y303d,1:17:12,4632,Colleen,De Reuck,USA,4/16/64,Olympic Marathon Trials (20K Split),"Los Angles, CA",2/13/16,F50-54 AR,,,,,,
20 km,F,52,52y342d,1:17:43,4663,Kathryn,Martin,USA,9/30/51,New Haven 20K,New Haven CT USA,9/6/04,,net time,,,,,
20 km,F,53,53y341d,1:21:22,4882,Kathryn,Martin,USA,9/30/51,New Haven 20K,New Haven CT USA,9/5/05,,,,,,,
20 km,F,54,54y166d,1:25:40,5140,Jo,Marchetti,USA,3/19/43,New Haven 20K,New Haven CT USA,9/1/97,RRIC & Andy Carr,,,,,,
20 km,F,55,55y42d,1:18:44,4724,Rae,Baymiller,USA,7/27/43,New Haven 20K,New Haven CT USA,9/7/98,,,,,,,
20 km,F,56,56y9d,1:20:36,4836,Shirley,Matson,USA,11/7/40,Mission Bay 25K (20K Split),"San Diego, CA",11/16/96,RRIC & Andy Carr,,,,,,
20 km,F,57,57y115d,1:23:27,5007,Chantal,Langlace,FRA,1/6/55,,Maroilles FRA,5/1/12,,,,,,,
20 km,F,58,58y103d,1:29:22,5362,Margaret,Miller,USA,12/12/25,Capitol City Classic 12K,"Sacramento, CA",3/25/84,RRIC & Andy Carr,,,,,,
20 km,F,59,59y292d,1:30:56,5456,Wen-Shi,Yu,USA,11/17/34,New Haven 20K,New Haven CT USA,9/5/94,RRIC & Andy Carr,,,,,,
20 km,F,60,60y115d,1:26:44,5204,Chantal,Langlace,FRA,1/6/55,,Maroilles FRA,5/1/15,,,,,,,
20 km,F,61,61y115d,1:26:37,5197,Chantal,Langlace,FRA,1/6/55,,Maroilles FRA,5/1/16,,,,,,,
20 km,F,62,,1:35:21,5721,Cory,Benson,USA,,New Haven 20K,New Haven CT USA,9/2/19,CT15054JHP,,,,,,
20 km,F,63,63y54d,1:36:31,5791,Patrica,Dixon,USA,2/15/19,Pear Blossom,"Medford, OR",4/10/82,RRIC & Andy Carr,,,,,,
20 km,F,64,64y143d,1:39:48,5988,Sharon,Dolan,USA,2/11/42,Volkslauffe,"Frankenmuth, MI",7/4/06,MI96018SH,,,,,,
20 km,F,65,65y156d,1:27:45,5265,Kathryn,Martin,USA,9/30/51,USATF 50km Champs (20K split),"Lloyd Neck, NY",3/5/17,F65-69 AR,,,,,,
20 km,F,66,66y282d,1:40:22,6022,Margret,Betz,USA,9/12/36,Vestall XX,Vestal NY USA,6/21/03,,,,,,,
20 km,F,67,67y90d,1:42:50,6170,Jaclyn,Casseli,USA,3/28/21,Oakland Double,"Oakland, CA",06/26/1988,RRIC & Andy Carr,,,,,,
20 km,F,68,68y103d,1:49:52,6592,Jaclyn,Casseli,USA,3/28/21,Oakland Double,"Oakland, CA",07/09/1989,RRIC & Andy Carr,,,,,,
20 km,F,69,69y36d,1:45:32,6332,Anna,Thornhill,USA,8/2/40,New Haven 20K,"New Haven, CT",9/7/09,CT01017DR,,,,,,
20 km,F,70,70y176d,1:34:36,5676,Jeannie,Rice,USA,4/14/48,Chicago Marathon (20K split),"Chicago,IL",10/7/18,pending F70-74 AR ,,,,,,
20 km,F,71,71y166d,1:56:51,7011,Loretta,Shehan,USA,2/21/23,Phelps Sauerkraut,"Phelps, NY",8/6/94,RRIC & Andy Carr,,,,,,
20 km,F,72,72y20d,2:01:08,7268,Anne,Clarke,USA,9/21/09,Avon Women's,"Chicago, IL",10/11/81,RRIC & Andy Carr,,,,,,
20 km,F,73,73y19d,1:59:33,7173,Anne,Clarke,USA,9/21/09,Avon Women's,"Chicago, IL",10/10/82,RRIC & Andy Carr,,,,,,
20 km,F,74,74y178d,1:54:57,6897,Leona,Lugers,USA,11/26/06,Tulip Time,"Holland, MI",5/23/81,RRIC & Andy Carr,,,,,,
20 km,F,75,75y246d,1:58:51,7131,Toshiko,d'Elia,USA,1/2/30,New Haven 20K,New Haven CT USA,9/5/05,,,,,,,
20 km,F,76,76y176d,1:56:37,6997,Leona,Lugers,USA,11/26/06,Tulip Time,"Holland, MI",5/21/83,RRIC & Andy Carr,,,,,,
20 km,F,77,77y181d,1:52:57,6777,Leona,Lugers,USA,11/26/06,Tulip Time,"Holland, MI",5/26/84,RRIC & Andy Carr,,,,,,
20 km,F,80,80y261d,2:26:34,8794,Ruth,Rothfarb,USA,6/18/01,Avon,"Washington, DC",3/6/82,RRIC & Andy Carr,,,,,,
H Mar,F,5,5y327d,1:51:31,6691,Nasiya,Jobe ,USA,11/27/1978,,Hayward CA USA,10/20/1984,,,,,,,
H Mar,F,6,6y351d,2:40:22,9622,Rosie,Dunham ,USA,11/23/2006,,Columbia SC USA,11/9/2013,,,,,,,
H Mar,F,7,7y360d,1:41:00,6060,Makenzie,Kolvoord ,USA,11/21/2006,,Carderock MD USA,11/16/2014,,,,,,,
H Mar,F,8,8y304d,1:35:25,5725,Tabitha,Francks ,USA,11/24/1974,,New York NY USA,9/24/1983,,,,,,,
H Mar,F,9,9y296d,1:28:31,5311,Tabitha,Francks ,USA,11/24/1974,,Philadelphia PA USA,9/16/1984,,,,,,,
H Mar,F,10,10y70d,1:25:52,5152,Stephanie,Paparelli ,USA,11/20/1972,,The Woodlands TX USA,1/29/1983,,,,,,,
H Mar,F,11,11y205d,1:31:23,5483,Heather,Welsch ,USA,6/28/2002,,Houston TX USA,1/19/2014,,,,,,,
H Mar,F,12,12y307d,1:21:45,4905,Mira,Preradovic ,BIH,6/20/1987,,Belgrade SER,4/22/2000,,,,,,,
H Mar,F,13,13y306d,1:16:23,4583,Mira,Preradovic ,BIH,6/20/1987,,Belgrade SER,4/21/2001,,,,,,,
H Mar,F,14,14y261d,1:15:14,4514,Miyuki,Oka ,JPN,3/8/1994,,Kobe JPN,11/24/2008,,,,,,,
H Mar,F,15,15y334d,1:12:36,4356,Eyerusalem,Kuma Mutal,ETH,11/4/1981,,Kosice SVK,10/4/1997,,,,,,,
H Mar,F,16,16y96d,1:12:31,4351,Zhu-ang,Liu ,CHN,1/18/1995,,Yangzhou CHN,4/24/2011,,,,,,,
H Mar,F,17,17y292d,1:10:08,4208,Mame,Feyisa ,ETH,6/10/1996,,Copenhagen DEN,3/29/2014,,,,,,,
H Mar,F,18,18y241d,1:08:21,4101,Valentine,Kipketer Chepkorir,KEN,1/5/1993,,Lille FRA,9/3/2011,,,,,,,
H Mar,F,19,19y33d,1:07:57,4077,Abebu,Gelan Adugna,ETH,1/18/1990,RAK Half Marathon,Ras Al Khaimah UAE,2/20/2009,,,,,,,
H Mar,F,20,20y122d,1:07:13,4033,Mare,Dibaba Hurssa,ETH,10/20/1989,RAK Half Marathon,Ras Al Khaimah UAE,2/19/2010,,,,,,,
H Mar,F,21,21y294d,1:06:49,4009,Esther,Wanjiru Maina,KEN,3/27/1977,,Tokyo JPN,1/15/1999,,,,,,,
H Mar,F,22,22y216d,1:05:36,3936,Fancy,Chemutai ,KEN,3/20/1995,,Valencia ESP,10/22/2017,,,,,,,
H Mar,F,23,23y318d,1:04:51,3891,Joyciline,Jepkosgei ,KEN,12/8/1993,,Valencia ESP,10/22/2017,,,,,,,
H Mar,F,24,24y244d,1:06:11,3971,Eunice,Chebichii Chumba,BRN,1/16/1993,,Copenhagen DEN,9/17/2017,,,,,,,
H Mar,F,25,22y41d,1:05:51,3951,Brigid,Kosgei ,KEN,2/20/1994,,Prague CZE,4/2/2016,,,,,,,
H Mar,F,26,26y1d,1:04:49,3889,Brigid,Kosgei ,KEN,2/20/1994,RAK Half Marathon,Ras Al Khaimah UAE,2/21/2020,,,,,,,
H Mar,F,27,27y353d,1:05:09,3909,Florence,Chebet Kiplagat,KEN,2/27/1987,,Barcelona ESP,2/15/2015,,,,,,,
H Mar,F,28,28y214d,1:04:31,3871,Ababel,Yeshaneh,ETH,7/22/1991,RAK Half Marathon,Ras Al Khaimah UAE,2/21/2020,,pending WR,,,,,
H Mar,F,29,29y31d,1:05:50,3950,Mary,Keitany Chepkosgei,KEN,1/18/1982,RAK Half Marathon,Ras Al Khaimah UAE,2/18/2011,,,,,,,
H Mar,F,30,30y30d,1:06:49,4009,Mary,Keitany Chepkosgei,KEN,1/18/1982,RAK Half Marathon,Ras Al Khaimah UAE,2/17/2012,,,,,,,
H Mar,F,31,31y77d,1:05:52,3952,Edith,Chelimo ,KEN,7/16/1986,,Cardiff WAL,10/1/2017,,,,,,,
H Mar,F,32,32y276d,1:06:07,3967,Gladys,Cherono ,KEN,5/12/1983,RAK Half Marathon,Ras Al Khaimah UAE,2/12/2016,,,,,,,
H Mar,F,33,33y26d,1:06:02,3962,Mary,Keitany Chepkosgei,KEN,1/18/1982,RAK Half Marathon,Ras Al Khaimah UAE,2/13/2015,,,,,,,
H Mar,F,34,34y324d,1:07:26,4046,Lydia,Cheromei Kogo,KEN,5/11/1977,,Prague CZE,3/31/2012,,,,,,,
H Mar,F,35,35y23d,1:05:13,3913,Mary,Keitany Chepkosgei,KEN,1/18/1982,RAK Half Marathon,Ras Al Khaimah UAE,2/10/2017,,,,,,,
H Mar,F,36,36y19d,1:08:21,4101,Edna,Kiplagat Ngeringwony,KEN,9/15/1979,,Glasgow SCO,10/4/2015,,,,,,,
H Mar,F,37,37y358d,1:08:55,4135,Valeria,Straneo,ITA,4/5/1976,,Copenhagen DEN,3/29/2014,,,,,,,
H Mar,F,38,38y364d,1:07:16,4036,Edith,Masai,KEN,4/4/1967,,Berlin GER,4/2/2006,,,,,,,
H Mar,F,39,39y114d,1:08:48,4128,Christelle,Daunay,FRA,12/5/1974,,Copenhagen DEN,3/29/2014,,,,,,,
H Mar,F,40,40y195d,1:09:56,4196,Irina,Permitina,RUS,3/2/1968,,Novosibirsk RUS,9/13/2008,,,,,,,
H Mar,F,41,41y219d,1:09:37,4177,Deena,Kastor,USA,2/14/1973,Rock 'n' Roll Philadelphia Half Marathon,Philadelphia PA USA,9/21/2014,F40-44 AR,,,,,,
H Mar,F,42,42y14d,1:09:58,4198,Joanne,Pavey,ENG,9/20/1973,,Glasgow SCO,10/4/2015,,,,,,,
H Mar,F,43,43y240d,1:11:54,4314,Nicole,Leveque,FRA,1/27/1951,,Oslo NOR,9/24/1994,,,,,,,
H Mar,F,44,44y103d,1:12:03,4323,Colleen,De Ruck,USA,4/15/1964,NYC Half Marathon,"New York, NY",7/27/08,,,,,,,
H Mar,F,45,45y50d,1:12:04,4324,Nicole,Leveque,FRA,1/27/1951,,Paris FRA,3/17/1996,,,,,,,
H Mar,F,46,46y166d,1:11:18,4278,Evy,Palm,SWE,1/31/1942,,Ostnor SWE,7/16/1988,,,,,,,
H Mar,F,47,47y229d,1:15:42,4542,Nicole,Leveque,FRA,1/27/1951,,Grenoble FRA,9/13/1998,,,,,,,
H Mar,F,48,48y213d,1:15:06,4506,Evy,Palm,SWE,1/31/1942,,Narvik NOR,9/1/1990,,,,,,,
H Mar,F,49,49y149d,1:13:32,4412,Linda,Somers,USA,5/7/1961,Rock 'n' Roll San Jose Half Marathon,San Jose CA USA,10/3/2010,,,,,,,
H Mar,F,50,50y176d,1:15:18,4518,Linda,Somers,USA,5/7/1961,Dodge Rock & Roll Half Marathon,Los Angeles CA USA,10/30/2011,,,,,,,
H Mar,F,51,51y22d,1:16:07,4567,Tatyana,Pozdniakova,UKR,3/4/1955,MORE Half Marathon,New York NY USA,3/26/2006,,,,,,,
H Mar,F,52,52y52d,1:20:06,4806,Houria,Frechou,FRA,1/19/1960,,Blagnac FRA,3/11/2012,,,,,,,
H Mar,F,53,53y0d,1:20:13,4813,Sally,Gibbs,NZL,6/5/1963,,Christchurch NZL,6/5/2016,,,,,,,
H Mar,F,54,54y215d,1:19:48,4788,Silke,Schmidt,GER,8/7/1959,,Den Haag NED,3/9/2014,,,,,,,
H Mar,F,55,55y214d,1:19:38.4,4779,Silke,Schmidt,GER,8/7/1959,,Den Haag NED,3/8/2015,,,,,,,
H Mar,F,56,56y9d,1:20:06,4806,Silke,Schmidt,GER,8/7/1959,,Lyon FRA,8/16/2015,,,,,,,
H Mar,F,57,57y324d,1:24:54,5094,Christine,Kennedy,USA,12/29/1954,Monterey Bay Half Marathon,Monterey CA USA,11/18/2012,,,,,,,
H Mar,F,58,58y63d,1:24:50,5090,Bernardine,Portenski,NZL,8/26/1949,,Auckland NZL,10/28/2007,,,,,,,
H Mar,F,59,59y46d,1:25:59.6,5160,Heidrun,Besler,GER,3/4/1956,,Kempton GER,4/19/2015,,,,,,,
H Mar,F,60,60y284d,1:24:56,5096,Bernardine,Portenski,NZL,8/26/1949,,Christchurch NZL,6/6/2010,,,,,,,
H Mar,F,61,61y59d,1:26:30.2,5191,Chantal,Langlace,FRA,1/6/1955,,Salouel FRA,3/6/2016,,,,,,,
H Mar,F,62,62y184d,1:26:53,5213,Stefica,Gajic,SUI,11/12/1948,,Thionville FRA,5/15/2011,,,,,,,
H Mar,F,63,63y320d,1:27:57,5277,Angela,Copson,ENG,4/20/1947,,Bath ENG,3/6/2011,,,,,,,
H Mar,F,64,64y195d,1:30:27,5427,Stefica,Gajic,SUI,11/12/1948,,Upice CZE,5/26/2013,,,,,,,
H Mar,F,65,65y91d,1:32:56,5576,Emmi,Luthi,SUI,3/1/1944,,Aarhus DEN,5/31/2009,,,,,,,
H Mar,F,66,66y316d,1:34:44,5684,Angela,Copson,ENG,4/20/1947,,Bath ENG,3/2/2014,,,,,,,
H Mar,F,67,67y200d,1:33:43,5623,Rae,Baymiller,USA,7/27/1943,Hilton Head Half Marathon,Hilton Head SC USA,2/12/2011,,,,,,,
H Mar,F,68,68y221d,1:37:50,5870,Rae,Baymiller,USA,7/27/1943,,Paris FRA,3/4/2012,,,,,,,
H Mar,F,69,69y326d,1:35:12,5712,Angela,Copson,ENG,4/20/1947,,Bath ENG,3/12/2017,,,,,,,
H Mar,F,70,70y121d,1:37:38,5858,Lavinia,Petrie,AUS,9/13/1943,,Bendigo AUS,1/12/2014,,,,,,,
H Mar,F,71,71y118d,1:37:01,5821,Jeannie,Rice,USA,4/14/1948,Goodyear H Mar,"Akron, OH",8/10/19,OH19021MW,,,,,,
H Mar,F,72,72y215d,1:45:42,6342,Rimma,Vasina,RUS,10/23/1940,,Upice CZE,5/26/2013,,,,,,,
H Mar,F,73,73y54d,1:41:00,6060,Lavinia,Petrie,AUS,9/13/1943,,Perth AUS,11/6/2016,,,,,,,
H Mar,F,74,74y30d,1:49:58,6598,Melitta,Czerwenka,GER,4/30/1930,,Saarlouis GER,5/30/2004,,,,,,,
H Mar,F,75,75y190d,1:50:00,6600,Gwen,McFarlan,CAN,4/4/1934,,Kelowna BC CAN,10/11/2009,,,,,,,
H Mar,F,76,76y185d,1:46:08,6368,Libby,James,USA,7/12/1936,,Orlando FL USA,1/13/2013,,,,,,,
H Mar,F,77,77y337d,1:58:06,7086,Betty Jean,McHugh,CAN,11/7/1927,,Victoria BC CAN,10/9/2005,,,,,,,
H Mar,F,78,78y104d,1:56:48,7008,Betty Jean,McHugh,CAN,11/7/1927,,Vancouver BC CAN,2/19/2006,,,,,,,
H Mar,F,79,79y96d,2:05:53.0,7553,Betty Jean,McHugh,CAN,11/7/1927,,Vancouver BC CAN,2/11/2007,,,,,,,
H Mar,F,80,80y179d,2:04:19,7459,Betty Jean,McHugh,CAN,11/7/1927,,Vancouver BC CAN,5/4/2008,,,,,,,
H Mar,F,81,81y339d,2:05:20,7520,Betty Jean,McHugh,CAN,11/7/1927,,Victoria BC CAN,10/11/2009,,,,,,,
H Mar,F,82,82y25d,2:16:06,8166,Deidre,Larkin,GBR,9/24/1931,,Pretoria RSA,10/19/2013,,,,,,,
H Mar,F,83,83y298d,2:16:27,8187,Deidre,Larkin,GBR,9/24/1931,,Pretoria RSA,7/18/2015,,,,,,,
H Mar,F,84,84y335d,2:23:36,8616,Betty,McHugh,CAN,11/7/1927,,Victoria BC CAN,10/7/2012,,,,,,,
H Mar,F,85,85y133d,2:12:37,7957,Deidre,Larkin,RSA,9/24/1931,,Pretoria RSA,2/4/2017,,,,,,,
H Mar,F,86,86y165d,2:42:57,9777,Margaret,Davis,USA,8/13/1922,Carlsbad Half Marathon,"Carlsbad, CA",1/25/09,,,,,,,
H Mar,F,87,87y100d,2:43:30,9810,Betty Jean,McHugh,CAN,11/7/1927,,Vancouver BC CAN,2/15/2015,,,,,,,
H Mar,F,88,88y2d,2:52:36,10356,Margaret,Davis,USA,8/13/1922,Americas Finest City Half Marathon,"San Diego, CA",8/15/10,CA01054RS,,,,,,
H Mar,F,93,93y109d,4:49:25,17365,Gladys,Burrill,CAN,11/23/1918,,Honolulu HI USA,3/11/2012,,,,,,,
25 km,F,9,9y269d,2:19:53,8393,Alexandra,Trigg ,USA,6/11/2005,Beacon On The Bay 25K,Oklahoma City OK USA,3/7/2015,,,,,,,
25 km,F,12,12y355d,1:36:59,5819,Shona,Jones ,USA,3/24/1968,,Lincoln NE USA,3/14/1981,,,,,,,
25 km,F,13,13y82d,1:37:18,5838,Manuela,Zipse ,GER,5/11/1974,,Bellheim GER,8/1/1987,,,,,,,
25 km,F,15,15y86d,1:41:32,6092,Manuela,Zipse ,GER,5/11/1974,,Bellheim GER,8/5/1989,,,,,,,
25 km,F,16,16y334d,1:30:40,5440,Tausi,Juma Ngaa,TAN,6/1/1983,,Berlin GER,4/30/2000,,,,,,,
25 km,F,17,17y4d,1:38:34,5914,Karlene,Herrell ,USA,7/6/1965,,Ames IA USA,7/10/1982,,,,,,,
25 km,F,18,18y227d,1:35:54,5754,Birgit,Lennartz ,GER,11/22/1965,,Solothurn SUI,7/7/1984,,,,,,,
25 km,F,19,19y323d,1:24:47,5087,Dire,Tune Arissi,ETH,6/19/1985,,Berlin GER,5/8/2005,,,,,,,
25 km,F,20,20y264d,1:26:50,5210,Sylvia,Mosqueda ,USA,4/8/1966,,San Diego CA USA,12/28/1986,,,,,,,
25 km,F,21,21y314d,1:24:53,5093,Susan,Chepkemei ,KEN,6/25/1975,,Berlin GER,5/4/1997,,,,,,,
25 km,F,22,22y175d,1:25:11,5111,Magdalena,Chemjor Chepkorir,KEN,11/12/1978,,Berlin GER,5/6/2001,,,,,,,
25 km,F,23,23y312d,1:24:29,5069,Susan,Chepkemei ,KEN,6/25/1975,,Berlin GER,5/2/1999,,,,,,,
25 km,F,24,24y335d,1:23:15,4995,Esther,Chemutai Ndiema,KEN,6/4/1988,,Berlin GER,5/5/2013,,,,,,,
25 km,F,25,25y147d,1:24:37,5077,Janet,Rono Chelegat,KEN,12/8/1988,,Berlin GER,5/4/2014,,,,,,,
25 km,F,26,26y313d,1:23:06,4986,Agnes,Katunga Mutune,KEN,6/26/1986,,Berlin GER,5/5/2013,,,,,,,
25 km,F,27,27y97d,1:24:38,5078,Alice,Timbilili Chemeli,KEN,2/1/1983,,Berlin GER,5/9/2010,,,,,,,
25 km,F,28,28y111d,1:19:53,4793,Mary,Keitany Chepkosgei,KEN,1/18/1982,,Berlin GER,5/9/2010,,,,,,,
25 km,F,29,29y42d,1:21:35,4895,Lucy,Kabuu Wangui,KEN,3/24/1984,,Berlin GER,5/5/2013,,,,,,,
25 km,F,30,30y76d,1:22:31,4951,Peninah,Arusei Cherop,KEN,2/23/1979,,Berlin GER,5/10/2009,,,,,,,
25 km,F,31,31y26d,1:26:35,5195,Melissa,White ,USA,4/15/1982,River Bank Run 25K,Grand Rapids MI USA,5/11/2013,,,,,,,
25 km,F,32,32y179d,1:22:28,4948,Grete,Waitz ,NOR,10/1/1953,,Paderborn GER,3/29/1986,,,,,,,
25 km,F,33,33y263d,1:24:36,5076,Janet,Bawcom ,USA,8/22/1978,River Bank Run 25K,Grand Rapids MI USA,5/12/2012,,,,,,,
25 km,F,34,34y278d,1:25:23,5123,Carla,Beurskens ,NED,2/15/1952,,Griesheim GER,11/19/1986,,,,,,,
25 km,F,35,35y222d,1:26:01,5161,Madina,Biktagirova ,RUS,9/20/1964,,Berlin GER,4/30/2000,,,,,,,
25 km,F,36,36y186d,1:25:52,5152,Dorothy,McMahon ,USA,11/6/1976,River Bank Run 25K,Grand Rapids MI USA,5/11/2013,,,,,,,
25 km,F,37,37y152d,1:25:27,5127,Christelle,Daunay ,FRA,12/5/1974,,Berlin GER,5/6/2012,,,,,,,
25 km,F,38,38y200d,1:28:32,5312,Zoya,Ivanova ,KAZ,3/14/1952,,Glasgow SCO,9/30/1990,,,,,,,
25 km,F,39,39y8d,1:26:54,5214,Kim,Jones ,USA,5/2/1958,River Bank Run 25K,Grand Rapids MI USA,5/10/1997,,,,,,,
25 km,F,40,40y52d,1:26:31,5191,Priscilla,Welch ,USA,11/22/1944,,Mitcham ENG,1/13/1985,,,,,,,
25 km,F,41,41y28d,1:25:15,5115,Colleen,De Reuck,USA,4/16/1964,River Bank Run 25K,Grand Rapids MI USA,5/14/2005,,,,,,,
25 km,F,42,42y246d,1:28:18,5298,Joyce,Smith ,ENG,10/26/1937,,Brugge BEL,6/29/1980,,,,,,,
25 km,F,43,43y9d,1:27:01,5221,Firiya,Sultanova ,RUS,4/29/1961,River Bank Run 25K,Grand Rapids MI USA,5/8/2004,,,,,,,
25 km,F,44,44y15d,1:29:50,5390,Firiya,Sultanova ,RUS,4/29/1961,River Bank Run 25K,Grand Rapids MI USA,5/14/2005,,,,,,,
25 km,F,45,45y153d,1:34:00,5640,Ingrid,Prigge ,NED,11/4/1963,,Losser NED,4/5/2009,,,,,,,
25 km,F,46,46y13d,1:34:05,5645,Firiya,Sultanova ,RUS,4/29/1961,River Bank Run 25K,Grand Rapids MI USA,5/12/2007,,,,,,,
25 km,F,47,47y28d,1:31:06,5466,Colleen,De Reuck,USA,4/16/1964,River Bank Run 25K,Grand Rapids MI USA,5/14/2011,,,,,,,
25 km,F,48,48y16d,1:37:29,5849,Jane,Welzel ,USA,4/24/1955,River Bank Run 25K,Grand Rapids MI USA,5/10/2003,,,,,,,
25 km,F,49,49y149d,1:38:00,5880,Ingrid,Prigge ,NED,11/4/1963,,Losser NED,4/1/2013,,,,,,,
25 km,F,50,50y127d,1:44:55,6295,Suzanne,Ray ,USA,5/4/1952,City of Lakes 25k,Minneapolis MN USA,9/8/2002,,,,,,,
25 km,F,51,51y303d,1:36:38,5798,Colleen,De Reuck,USA,4/16/1964,,Los Angeles CA USA,2/13/2016,,,,,,,
25 km,F,52,52y143d,1:41:39,6099,Rae,Baymiller ,USA,7/27/1943,,New York NY USA,12/17/1995,,,,,,,
25 km,F,53,53y147d,1:36:45,5805,Joan,Samuelson,USA,5/16/1957,Chicago Marathon (25K Split),"Chicago, IL",10/10/2010,Andy Carr,,,,,,
25 km,F,54,54y81d,1:45:14,6314,Margaret,Miller ,USA,12/12/1925,,Ventura CA USA,3/2/1980,,,,,,,
25 km,F,55,55y278d,1:49:07,6547,Joyce,Gaskin ,USA,2/17/1937,,Houston TX USA,11/22/1992,,,,,,,
25 km,F,56,56y9d,1:41:01,6061,Shirley,Matson ,USA,11/7/1940,,San Diego CA USA,11/16/1996,,,,,,,
25 km,F,57,57y331d,1:50:54,6654,Victoria,Crisp ,USA,6/11/1952,River Bank Run 25K,Grand Rapids MI USA,5/8/2010,,,,,,,
25 km,F,58,58y285d,1:46:37,6397,Margaret,Miller ,USA,12/12/1925,SPA/TAC,"Ventura, CA",9/23/1984,,,,,,,
25 km,F,59,59y143d,2:01:33,7293,Gloria,Brown ,USA,12/20/1931,River Bank Run 25K,Grand Rapids MI USA,5/11/1991,,,,,,,
25 km,F,60,60y334d,1:51:56,6716,Victoria,Crisp ,USA,6/11/1952,River Bank Run 25K,Grand Rapids MI USA,5/11/2013,,net time,,,,,
25 km,F,61,61y291d,1:50:50,6650,Edie,Stevenson ,USA,7/27/1949,River Bank Run 25K,Grand Rapids MI USA,5/14/2011,,,,,,,
25 km,F,62,62y146d,1:58:24,7104,Gloria,Brown ,USA,12/20/1931,River Bank Run 25K,Grand Rapids MI USA,5/14/1994,,,,,,,
25 km,F,63,63y35d,2:02:32,7352,Nancy,Prejean ,USA,9/7/1945,HMSA 25k,Houston TX USA,10/12/2008,,net time,,,,,
25 km,F,64,64y91d,2:02:44,7364,Sharon,Dolan ,USA,2/11/1942,River Bank Run 25K,Grand Rapids MI USA,5/13/2006,,,,,,,
25 km,F,65,65y335d,2:03:53,7433,Victoria,Crisp ,USA,6/11/1952,River Bank Run 25K,Grand Rapids MI USA,5/12/2018,pending F65-69 AR,,,,,,
25 km,F,66,66y88d,2:07:00,7620,Sharon,Dolan ,USA,2/11/1942,River Bank Run 25K,Grand Rapids MI USA,5/10/2008,,,,,,,
25 km,F,67,67y87d,2:12:45,7965,Sharon,Dolan ,USA,2/11/1942,River Bank Run 25K,Grand Rapids MI USA,5/9/2009,,,,,,,
25 km,F,68,68y86d,2:10:53,7853,Sharon,Dolan ,USA,2/11/1942,River Bank Run 25K,Grand Rapids MI USA,5/8/2010,,,,,,,
25 km,F,69,69y250d,2:20:21,8421,Gerry,Davidson ,USA,3/12/1921,,San Diego CA USA,11/17/1990,,,,,,,
25 km,F,70,70y176d,1:58:52,7132,Jeannie,Rice,USA,4/14/1948,Chicago Marathon (25K split),"Chicago, IL",10/7/2018,pending F70-74 AR,,,,,,
25 km,F,71,71y247d,2:31:55,9115,Gerry,Davidson ,USA,3/12/1921,,San Diego CA USA,11/14/1992,,,,,,,
25 km,F,72,72y255d,2:26:13,8773,Carol,Bender,USA,9/1/1939,River Bank Run 25K,Grand Rapids MI USA,5/13/2012,MI09011SH,,,,,,
25 km,F,73,73y341d,2:28:29,8909,Anne,Clarke ,USA,9/21/1909,,Deerfield IL USA,8/28/1983,,,,,,,
25 km,F,74,74y252d,2:30:11,9011,Carol,Bender,USA,9/1/1939,River Bank Run 25K,Grand Rapids MI USA,5/10/2014,MI09011SH,,,,,,
25 km,F,75,75y249d,2:43:55,9835,Gerry,Davidson ,USA,3/12/1921,Mission Bay 25K,San Diego CA USA,11/16/1996,,,,,,,
25 km,F,76,76y131d,2:29:34,8974,Toshiko,D'Elia ,USA,1/2/1930,River Bank Run 25K,Grand Rapids MI USA,5/13/2006,,,,,,,
25 km,F,77,77y247d,2:42:25,9745,Gerry,Davidson ,USA,3/12/1921,Mission Bay 25K,"San Diego, CA",11/14/1998,Andy Carr,,,,,,
25 km,F,77,77y364d,2:43:43,9823,Anne,Clarke ,USA,9/21/1909,,Joliet IL USA,9/20/1987,,,,,,,
25 km,F,79,79y165d,2:49:48,10188,Leona,Lugers ,USA,11/26/1906,River Bank Run 25K,Grand Rapids MI USA,5/10/1986,,,,,,,
25 km,F,80,80y243d,3:07:41,11261,Gerry,Davidson ,USA,3/12/1921,Mission Bay 25K,"San Diego, CA",11/10/01,F80-84 AR,,,,,,
30 km,F,8,8y29d,3:26:17,12377,Elizabeth-Ann,Westrip,USA,1/28/09,,Kingston TN USA,2/26/17,,,,,,,
30 km,F,17,17y104d,2:04:34,7474,Annick,Loir,FRA,1/13/58,,Le Havre FRA,4/27/75,,,,,,,
30 km,F,18,18y29d,1:52:11,6731,Naomi,Kurahashi,JPN,1/22/65,,Ome JPN,2/20/83,,,,,,,
30 km,F,19,19y363d,1:46:30,6390,Kinuyo,Yoshida,JPN,2/21/75,,Ome JPN,2/19/95,,,,,,,
30 km,F,20,20y235d,1:43:57,6237,Mirai,Waku,JPN,7/1/95,,Ome JPN,2/21/16,,,,,,,
30 km,F,21,21y347d,1:43:26,6206,Yuka,Hakoyama,JPN,3/9/90,,Kumamoto JPN,2/19/12,,,,,,,
30 km,F,22,22y252d,1:39:57,5997,Hirut,Aga Sora,ETH,1/16/94,,Berlin GER,9/25/16,,,,,,,
30 km,F,23,23y14d,1:39:06,5946,Birhane,Dibaba Adugna,ETH,9/11/93,,Berlin GER,9/25/16,,,,,,,
30 km,F,24,24y198d,1:43:05,6185,Megumi,Kobayashi,JPN,8/4/76,,Ome JPN,2/18/01,,,,,,,
30 km,F,25,25y227d,1:39:09,5949,Mizuki,Noguchi,JPN,7/3/78,,Ome JPN,2/15/04,,,,,,,
30 km,F,26,26y191d,1:44:36,6276,Tomoe,Yokoyama,JPN,8/9/76,,Ome JPN,2/16/03,,,,,,,
30 km,F,27,27y291d,1:43:45,6225,Janet,Rono Chelegat,KEN,12/8/88,,Berlin GER,9/25/16,,,,,,,
30 km,F,28,28y288d,1:41:57,6117,Naoko,Takahashi,JPN,5/6/72,,Ome JPN,2/18/01,,,,,,,
30 km,F,29,29y115d,1:46:29,6389,Mika,Okunaga,JPN,10/27/82,,Kumamoto JPN,2/19/12,,,,,,,
30 km,F,30,30y13d,1:38:42,5922,Aberu,Kebede Shewaye,ETH,9/12/86,,Berlin GER,9/25/16,,,,,,,
30 km,F,31,31y311d,1:46:26,6386,Irma,Heeren,NED,4/16/67,,Schoorl NED,2/21/99,,,,,,,
30 km,F,32,32y49d,1:43:26,6206,Eriko,Asai,JPN,10/20/59,,Osaka JPN,12/8/91,,,,,,,
30 km,F,33,33y168d,1:44:09,6249,Aurica,Buia,ROM,2/16/70,,Snagov ROM,8/3/03,,,,,,,
30 km,F,34,34y98d,1:43:49,6229,Hiromi,Ominami,JPN,11/15/75,,Ome JPN,2/21/10,,,,,,,
30 km,F,35,35y252d,1:45:15,6314,Anna-Carmela,Incerti,ITA,1/19/80,,Lugano SUI,9/27/15,,,,,,,
30 km,F,36,36y192d,1:43:24,6204,Mara,Yamauchi,ENG,8/13/73,,Ome JPN,2/21/10,,,,,,,
30 km,F,37,37y219d,1:46:07,6367,Kara,Goucher,USA,7/9/78,,Los Angeles CA USA,2/13/16,,,,,,,
30 km,F,38,38y248d,1:47:03,6423,Yoshimi,Hoshino,JPN,6/17/66,,Ome JPN,2/20/05,,,,,,,
30 km,F,39,39y247d,1:47:15,6435,Yoshimi,Hoshino,JPN,6/17/66,,Ome JPN,2/19/06,,,,,,,
30 km,F,40,40y232d,1:49:40,6580,Yoshimi,Hoshino,JPN,6/17/66,,Ome JPN,2/4/07,,,,,,,
30 km,F,41,41y240d,1:53:13,6793,Yoshiko,Fukuchi,JPN,6/25/63,,Ome JPN,2/20/05,,,,,,,
30 km,F,42,42y239d,1:45:04,6304,Deena,Kastor,USA,2/14/73,Chicago Marathon (30K split),"Chicago, IL",10/11/15,F40-44 AR,,,,,,
30 km,F,43,43y219d,1:51:37,6697,Mieke,Pullen,NED,7/14/57,,Schoorl NED,2/18/01,,,,,,,
30 km,F,44,44y218d,1:53:20,6800,Mieke,Pullen,NED,7/14/57,,Schoorl NED,2/17/02,,,,,,,
30 km,F,45,45y247d,1:53:24,6804,Yoshimi,Hoshino,JPN,6/17/66,,Ome JPN,2/19/12,,,,,,,
30 km,F,46,46y245d,1:53:05,6785,Yoshimi,Hoshino,JPN,6/17/66,,Ome JPN,2/17/13,,,,,,,
30 km,F,47,47y8d,2:00:23,7223,Claudia,Gelsomino,ITA,9/3/69,,Monza ITA,9/11/16,,,,,,,
30 km,F,48,48y6d,1:59:25,7165,Shirley,Matson,USA,11/7/40,Clarksburg Country Run,Clarksburg CA USA,11/13/88,,,,,,,
30 km,F,49,49y347d,2:03:55,7435,Donatella,Vinci,ITA,10/15/65,,Lugano SUI,9/27/15,,,,,,,
30 km,F,50,50y4d,2:00:41,7241,Shirley,Matson,USA,11/7/40,Clarksburg Country Run,Clarksburg CA USA,11/11/90,,,,,,,
30 km,F,51,51y303d,1:56:43,7003,Colleen,De Reuck,USA,4/16/64,,Los Angeles CA USA,2/13/16,,,,,,,
30 km,F,52,52y226d,2:02:07,7327,Inez-Anne,Haagen,NED,7/3/63,,Schoorl NED,2/14/16,,,,,,,
30 km,F,53,53y147d,1:57:01,7021,Joan,Samuelson,USA,5/16/57,Chicago Marathon (30K Split),"Chicago, IL USA",10/10/10,Andy Carr,,,,,,
30 km,F,54,54y69d,2:02:11,7331,Manna,Kwak,NED,12/14/44,,Schoorl NED,2/21/99,,,,,,,
30 km,F,55,55y98d,2:14:49,8089,Barbara,Miller,USA,8/7/39,Clarksburg Country Run,Clarksburg CA USA,11/13/94,Andy Carr,,,,,,
30 km,F,56,56y97d,2:13:28,8008,Barbara,Miller,USA,8/7/39,Clarksburg Country Run,Clarksburg CA USA,11/12/95,,,,,,,
30 km,F,57,57y188d,2:11:57,7917,Suzanne,Ray,USA,5/4/52,Clarksburg Country Run,Clarksburg CA USA,11/8/09,,,,,,,
30 km,F,58,58y101d,2:13:38,8018,Barbara,Miller,USA,8/7/39,Clarksburg Country Run,Clarksburg CA USA,11/16/97,,,,,,,
30 km,F,59,59y100d,2:16:08,8168,Barbara,Miller,USA,8/7/39,Clarksburg Country Run,Clarksburg CA USA,11/15/98,Andy Carr,,,,,,
30 km,F,60,60y156d,2:15:30,8130,Kathryn,Martin,USA,9/30/51,USATF 50km Champs (30K split),"Lloyd Neck, NY",3/4/12,,,,,,,
30 km,F,61,61y187d,2:24:42,8682,Margaret,Saunders,RSA,9/16/53,,Uitenhage RSA,3/22/15,,,,,,,
30 km,F,62,62y171d,2:20:20,8420,Margaret,Saunders,RSA,9/16/53,,Uitenhage RSA,3/5/16,,,,,,,
30 km,F,63,63y100d,2:23:30,8610,Nancy,Will,RSA,10/2/52,,Cape Town RSA,1/10/16,,,,,,,
30 km,F,64,64y193d,2:46:10,9970,Mary,Storey,USA,5/4/24,Clarksburg Country Run,Clarksburg CA USA,11/13/88,Andy Carr,,,,,,
30 km,F,65,65y99d,2:27:54,8874,Barbara,Miller,USA,8/7/39,Clarksburg Country Run,Clarksburg CA USA,11/14/04,F65 AR,,,,,,
30 km,F,66,66y98d,2:32:32,9152,Barbara,Miller,USA,8/7/39,Clarksburg Country Run,Clarksburg CA USA,11/13/05,,,,,,,
30 km,F,67,67y230d,2:58:06,10686,Jaclyn,Caselli,USA,3/28/21,Clarksburg Country Run,Clarksburg CA USA,11/13/88,RRIC,,,,,,
30 km,F,68,68y119d,2:38:46,9526,Myra,Rhodes,USA,7/16/32,Clarksburg Country Run,Clarksburg CA USA,11/12/00,,,,,,,
30 km,F,69,69y118d,2:45:38,9938,Myra,Rhodes,USA,7/16/32,Clarksburg Country Run,Clarksburg CA USA,11/11/01,,,,,,,
30 km,F,70,70y176d,2:22:29,8549,Jeannie,Rice,USA,4/14/48,Chicago Marathon (30k split),"Chicago, IL",10/7/18,Andy Carr,,,,,,
30 km,F,71,71y34d,3:14:48,11688,Loretta,Shehan,USA,2/21/23,Around The Bay,"Hamilton/Ontario, ",3/27/94,RRIC,,,,,,
30 km,F,72,72y121d,2:51:25,10285,Myra,Rhodes,USA,7/16/32,Clarksburg Country Run,Clarksburg CA USA,11/14/04,,,,,,,
30 km,F,73,92y320d,4:33:17,16397,Elizabeth,Vinerman,USA,,Clarksburg Country Run,Clarksburg CA USA,11/15/92,RRIC,,,,,,
30 km,F,74,74y204d,3:32:14,12734,Edith,Farias,USA,2/8/24,NYC Marathon Tune-Up,"New York, NY",8/30/98,RRIC,,,,,,
30 km,F,75,75y133d,4:24:03,15843,Po,Adams,USA,7/4/24,Clarksburg Country Run,Clarksburg CA USA,11/14/99,,,,,,,
30 km,F,77,77y72d,3:37:52,13072,Gerry,Davidson,USA,3/12/21,Benchmark Blast,San Diego CA USA,5/23/98,,,,,,,
30 km,F,78,78y36d,3:54:42,14082,Gerry,Davidson,USA,3/12/21,Benchmark Blast,San Diego CA USA,4/17/99,RRIC,,,,,,
30 km,F,79,79y160d,4:04:24,14664,Bess,James,USA,9/5/09,SCA/TAC Championship,"Ventura, CA",2/12/89,RRIC & Andy Carr,,,,,,
30 km,F,81,81y225d,4:13:32,15212,Mavis,Lindgren,USA,4/2/07,Clarksburg Country Run 30K,Clarksburg CA USA,11/13/88,,,,,,,
30 km,F,82,82y224d,4:17:53,15473,Mavis,Lindgren,USA,4/2/07,Clarksburg Country Run 30K,Clarksburg CA USA,11/12/89,RRIC & Andy Carr,,,,,,
30 km,F,83,83y130d,4:33:24,16404,Po,Adams,USA,7/4/24,Clarksburg Country Run 30K,Clarksburg CA USA,11/11/07,Andy Carr,,,,,,
Marathon,F,6,6y285d,4:27:32,16052,Mary,Etta Boitano,USA,3/4/1963,,Petaluma CA USA,12/14/1969,,,,,,,
Marathon,F,7,7y284d,3:57:42,14262,Mary,Etta Boitano,USA,3/4/1963,,Petaluma CA USA,12/13/1970,,,,,,,
Marathon,F,8,8y354d,3:13:24,11604,Tabitha,Francks ,USA,11/24/1974,,Asbury Park NJ USA,11/13/1983,,,,,,,
Marathon,F,9,9y182d,3:11:1,11461,Julie,Mullin ,USA,8/30/1966,,Seaside OR USA,2/28/1976,,,,,,,
Marathon,F,10,10y180d,2:58:1,10681,Julie,Mullin ,USA,8/30/1966,,Seaside OR USA,2/26/1977,,,,,,,
Marathon,F,11,11y116d,2:49:21,10161,Carrie,Garritson ,USA,11/11/1976,Los Angeles Marathon,Los Angeles CA USA,3/6/1988,,old legal course,,,,,
Marathon,F,12,12y161d,2:54:3,10443,Manuela,Zipse ,GER,5/11/1974,,Echternach LUX,10/19/1986,,,,,,,
Marathon,F,13,13y304d,2:44:3,9843,Kyung-Hee,Lim ,KOR,5/15/1973,,Seoul KOR,3/15/1987,,,,,,,
Marathon,F,14,14y105d,2:33:8,9188,Xin,Wei ,CHN,7/7/1988,,Beijing CHN,10/20/2002,,,,,,,
Marathon,F,15,15y213d,2:29:41,8981,Mei-yu,Shen ,CHN,3/21/1987,,Beijing CHN,10/20/2002,,,,,,,
Marathon,F,16,16y328d,2:31:51,9111,Li-nan,Wang ,CHN,11/26/1985,,Beijing CHN,10/20/2002,,,,,,,
Marathon,F,17,17y320d,2:23:37,8617,Min,Liu ,CHN,11/29/1983,,Beijing CHN,10/14/2001,,,,,,,
Marathon,F,18,18y1d,2:22:38,8558,Ying-ying,Zhang ,CHN,1/4/1990,,Xiamen CHN,1/5/2008,,,,,,,
Marathon,F,19,19y2d,2:20:59,8459,Demise,Shure Ware,ETH,1/21/1996,Dubai Marathon,Dubai UAE,1/23/2015,,,,,,,
Marathon,F,20,20y265d,2:19:17,8357,Roza,Dereje Bekele,ETH,5/6/1997,Dubai Marathon,Dubai UAE,1/26/2018,,,,,,,
Marathon,F,21,21y357d,2:20:51,8451,Roza,Dereje Bekele,ETH,5/6/1997,London Marathon,London ENG,4/28/2019,,,,,,,
Marathon,F,22,22y99d,2:19:52,8392,Mare,Dibaba Hurssa,ETH,10/20/1989,Dubai Marathon,Dubai UAE,1/27/2012,,,,,,,
Marathon,F,23,23y273d,2:20:13,8413,Haftamnesh,Tesfaye Haylu,ETH,4/28/1994,Dubai Marathon,Dubai UAE,1/26/2018,,,,,,,
Marathon,F,24,24y170d,2:17:8,8228,Ruth,Chepngetich ,KEN,8/8/1994,Dubai Marathon,Dubai UAE,1/25/2019,,,,,,,
Marathon,F,25,25y235d,2:14:04,8044,Brigid,Kosgei ,KEN,2/20/1994,Chicago Marathon,"Chicago, IL",10/13/2019,,pending Open WR,,,,,
Marathon,F,26,26y139d,2:20:43,8443,Tegla,Loroupe ,KEN,5/9/1973,Berlin Marathon,Berlin GER,9/25/1999,,,,,,,
Marathon,F,27,27y84d,2:19:12,8352,Mizuki,Noguchi ,JPN,7/3/1978,Berlin Marathon,Berlin GER,9/25/2005,,,,,,,
Marathon,F,28,28y300d,2:17:18,8238,Paula,Radcliffe ,ENG,12/17/1973,Chicago Marathon,Chicago IL USA,10/13/2002,,,,,,,
Marathon,F,29,29y117d,2:15:25,8125,Paula,Radcliffe ,ENG,12/17/1973,London Marathon,London ENG,4/13/2003,,,,,,,
Marathon,F,30,30y94d,2:18:37,8317,Mary,Keitany Chepkosgei,KEN,1/18/1982,London Marathon,London ENG,4/22/2012,,,,,,,
Marathon,F,31,31y121d,2:17:42,8262,Paula,Radcliffe ,ENG,12/17/1973,London Marathon,London ENG,4/17/2005,,,,,,,
Marathon,F,32,32y129d,2:18:31,8311,Tirunesh,Dibaba ,ETH,6/1/1985,Chicago Marathon,Chicago IL USA,10/8/2017,,,,,,,
Marathon,F,33,33y107d,2:18:35,8315,Tirunesh,Dibaba ,ETH,6/1/1985,Berlin Marathon,Berlin GER,9/16/2018,,,,,,,
Marathon,F,34,34y224d,2:18:31,8311,Vivian,Cheruiyot ,KEN,9/11/1983,London Marathon,London ENG,4/22/2018,,,,,,,
Marathon,F,35,35y95d,2:17:1,8221,Mary,Keitany Chepkosgei,KEN,1/18/1982,London Marathon,London ENG,4/23/2017,,,,,,,
Marathon,F,36,36y36d,2:19:19,8359,Irina,Mikitenko ,GER,8/23/1972,Berlin Marathon,Berlin GER,9/28/2008,,,,,,,
Marathon,F,37,37y198d,2:21:29,8489,Lyudmila,Petrova ,RUS,10/7/1968,London Marathon,London ENG,4/23/2006,,,,,,,
Marathon,F,38,38y306d,2:21:18,8478,Edna,Kiplagat Ngeringwony,KEN,11/15/1979,Berlin Marathon,Berlin GER,9/16/2018,,,,,,,
Marathon,F,39,39y275d,2:22:12,8532,Nancy,Jepkosgei Kiprop,KEN,7/7/1979,,Vienna AUT,4/7/2019,,,,,,,
Marathon,F,40,40y185d,2:23:31,8611,Lydia,Cheromei Kogo,KEN,5/11/1977,,Shanghai CHN,11/12/2017,,,,,,,
Marathon,F,41,41y205d,2:22:11,8531,Lydia,Cheromei Kogo,KEN,5/11/1977,,Valencia ESP,12/2/2018,,,,,,,
Marathon,F,42,42y70d,2:24:11,8651,Sinead,Diver ,AUS,2/17/1977,London Marathon,London ENG,4/28/2019,,,,,,,
Marathon,F,43,43y221d,2:29:25,8965,Tatyana,Pozdniakova ,UKR,3/4/1955,Chicago Marathon,Chicago IL USA,10/11/1998,,,,,,,
Marathon,F,44,44y195d,2:29:43,8983,Joyce,Smith ,ENG,10/26/1937,London Marathon,London ENG,5/9/1982,,,,,,,
Marathon,F,45,45y141d,2:28:34,8914,Catherine,Bertone ,ITA,5/6/1972,Berlin Marathon,Berlin GER,9/24/2017,,,,,,,
Marathon,F,46,46y364d,2:30:26,9026,Tatyana,Pozdniakova ,UKR,3/4/1955,Los Angeles Marathon,Los Angeles CA USA,3/3/2002,,old legal course,,,,,
Marathon,F,47,47y223d,2:28:60,8940,Tatyana,Pozdniakova ,UKR,3/4/1955,,Providence RI USA,10/13/2002,,,,,,,
Marathon,F,48,48y225d,2:37:46,9466,Ramilya,Burangulova ,RUS,7/11/1961,,Jacksonville Beach FL USA,2/21/2010,,,,,,,
Marathon,F,49,49y3d,2:30:17,9017,Tatyana,Pozdniakova ,UKR,3/4/1955,Los Angeles Marathon,Los Angeles CA USA,3/7/2004,,old legal course,,,,,
Marathon,F,50,50y2d,2:31:5,9065,Tatyana,Pozdniakova ,UKR,3/4/1955,Los Angeles Marathon,Los Angeles CA USA,3/6/2005,,old legal course,,,,,
Marathon,F,51,51y15d,2:35:46,9346,Tatyana,Pozdniakova ,UKR,3/4/1955,Los Angeles Marathon,Los Angeles CA USA,3/19/2006,,old legal course,,,,,
Marathon,F,52,52y108d,2:48:47,10127,Edeltraud,Pohl ,GER,7/14/1936,,Frankfurt GER,10/30/1988,,,,,,,
Marathon,F,53,53y147d,2:47:50,10070,Joan,Samuelson ,USA,5/16/1957,Chicago Marathon,Chicago IL USA,10/10/2010,,,,,,,
Marathon,F,54,54y13d,2:53:49,10429,Sally,Gibbs ,NZL,6/5/1963,,Wellington NZL,6/18/2017,,,,,,,
Marathon,F,55,55y76d,2:52:14,10334,Rae,Baymiller ,USA,7/27/1943,Chicago Marathon,Chicago IL USA,10/11/1998,,,,,,,
Marathon,F,56,56y24d,2:55:4,10504,Angharad,Mair ,WAL,3/30/1961,London Marathon,London ENG,4/23/2017,,,,,,,
Marathon,F,57,57y112d,2:54:29,10469,Jung-Ok,Kim ,KOR,7/14/1956,,Seoul KOR,11/3/2013,,,,,,,
Marathon,F,58,58y281d,2:58:37,10717,Christine,Kennedy ,USA,12/29/1954,Twin Cities Marathon,Saint Paul MN USA,10/6/2013,,,,,,,
Marathon,F,59,59y280d,2:59:43,10783,Christine,Kennedy ,USA,12/29/1954,Twin Cities Marathon,Saint Paul MN USA,10/5/2014,,,,,,,
Marathon,F,60,60y312d,3:1:30,10890,Bernardine,Portenski ,NZL,8/26/1949,Gold Coast Marathon,Gold Coast AUS,7/4/2010,,,,,,,
Marathon,F,61,61y351d,3:6:36,11196,Kimi,Ushiroda ,JPN,2/28/1954,,Nobeoka JPN,2/14/2016,,,,,,,
Marathon,F,62,62y353d,3:14:37,11677,Nancy,Will ,RSA,10/2/1952,,Cape Town RSA,9/20/2015,,,,,,,
Marathon,F,63,63y241d,3:7:48,11268,Emmi,Luthi ,SUI,3/1/1944,,Lucerne SUI,10/28/2007,,,,,,,
Marathon,F,64,64y108d,3:19:18,11958,Yuriko,Tanaka ,JPN,7/31/1944,,Oiso JPN,11/16/2008,,,,,,,
Marathon,F,65,65y56d,3:12:57,11577,Emmi,Luthi ,SUI,3/1/1944,,Zurich SUI,4/26/2009,,,,,,,
Marathon,F,66,66y162d,3:19:5,11945,Angela,Copson ,ENG,4/20/1947,Berlin Marathon,Berlin GER,9/29/2013,,,,,,,
Marathon,F,67,67y229d,3:25:51,12351,Jane,Davies ,ENG,9/7/1948,London Marathon,London ENG,4/24/2016,,,,,,,
Marathon,F,68,68y356d,3:24:54,12294,Angela,Copson ,ENG,4/20/1947,,Manchester ENG,4/10/2016,,,,,,,
Marathon,F,69,69y184d,3:29:41,12581,Jeannie,Rice ,USA,4/14/1948,Columbus Marathon,"Columbus, OH",10/15/17,F65-69 AR,,,,,,
Marathon,F,70,70y176d,3:27:50,12470,Jeannie,Rice ,USA,4/14/1948,Chicago Marathon,Chicago IL USA,10/7/2018,,,,,,,
Marathon,F,71,71y168d,3:24:48,12288,Jeannie,Rice ,USA,4/14/1948,Berlin Marathon,Berlin GER,9/29/2019,,,,,,,
Marathon,F,72,72y204d,3:35:29,12929,Helga,Miketta ,GER,3/23/1941,,Essen GER,10/13/2013,,,,,,,
Marathon,F,73,73y285d,3:42:19,13339,Vera,Nystad ,NOR,12/18/1945,Berlin Marathon,Berlin GER,9/29/2019,,,,,,,
Marathon,F,74,74y146d,3:49:31,13771,Helga,Miketta ,GER,3/23/1941,,Lyon FRA,8/16/2015,,,,,,,
Marathon,F,75,75y18d,4:5:39,14739,Yoko,Nakano ,JPN,1/12/1936,,Hitachinaka JPN,1/30/2011,,,,,,,
Marathon,F,76,76y316d,3:53:42,14022,Yoko,Nakano ,JPN,1/12/1936,,Otawara JPN,11/23/2012,,,,,,,
Marathon,F,77,77y214d,4:24:28,15868,Sylvia,Quinn ,USA,10/23/1936,Coeur D'Alene Marathon,Coeur d'Alene ID USA,5/25/2014,,,,,,,
Marathon,F,78,78y220d,4:19:52,15592,Sylvia,Quinn ,USA,10/23/1936,Coeur D'Alene Marathon,Coeur d'Alene ID USA,5/31/2015,ID14004DCR,,,,,,
Marathon,F,79,79y63d,4:11:50,15110,Yoko,Nakano ,JPN,1/12/1936,,Yokohama JPN,3/15/2015,,,,,,,
Marathon,F,80,80y51d,4:12:44,15164,Gwen,McFarlan ,CAN,4/4/1934,,Ottawa ON CAN,5/25/2014,,,,,,,
Marathon,F,81,81y45d,4:7:31,14851,Yoko,Nakano ,JPN,1/12/1936,Tokyo Marathon,Tokyo JPN,2/26/2017,,,,,,,
Marathon,F,82,82y44d,4:34:4,16444,Yoko,Nakano ,JPN,1/12/1936,Tokyo Marathon,Tokyo JPN,2/25/2018,,,,,,,
Marathon,F,83,83y53d,4:51:24,17484,Yoko,Nakano ,JPN,1/12/1936,Tokyo Marathon,Tokyo JPN,3/6/2019,,,,,,,
Marathon,F,84,84y94d,5:44:22,20662,Helga-Maria,Kundig ,SUI,6/28/1928,Berlin Marathon,Berlin GER,9/30/2012,,,,,,,
Marathon,F,85,85y32d,5:12:3,18723,Betty Jean,McHugh ,CAN,11/7/1927,Honolulu Marathon,Honolulu HI USA,12/9/2012,,,,,,,
Marathon,F,86,86y285d,6:31:42,23502,Margaret,Davis ,USA,8/13/1922,,Los Angeles CA USA,5/25/2009,,,,,,,
Marathon,F,87,87y183d,7:6:48,25608,Mavis,Lindgren ,USA,4/2/1907,Portland Marathon,Portland OR USA,10/2/1994,,,,,,,
Marathon,F,88,88y36d,6:31:32,23492,Betty Jean,McHugh ,CAN,11/7/1927,Honolulu Marathon,Honolulu HI USA,12/13/2015,,,,,,,
Marathon,F,89,89y180d,8:9:23,29363,Mavis,Lindgren ,USA,4/2/1907,Portland Marathon,Portland OR USA,9/29/1996,,,,,,,
Marathon,F,90,90y33d,6:47:31,24451,Betty Jean,McHugh ,CAN,11/7/1927,Honolulu Marathon,Honolulu HI USA,12/10/2017,,,,,,,
Marathon,F,92,92y19d,9:53:48,35628,Gladys,Burrill ,CAN,11/23/1918,Honolulu Marathon,Honolulu HI USA,12/12/2010,,,,,,,