Event,Gender,Age,Age at Performance,Time,TIME_SEC,FNAME,LNAME,Country,DOB,RACE_NAME,RACE_LOC,RACE_DATE,COURSE_CERT_SOURCE,COMMENTS
25 km,M,8,8y79d,2:43:06,9786,Nicholas,Trigg ,USA,12/18/2006,,Oklahoma City OK USA,3/7/2015,,
25 km,M,16,16y143d,1:20:44,4844,Fita,Bayissa ,ETH,12/15/1972,,Berlin GER,5/7/1989,,
25 km,M,17,17y244d,1:23:25,5005,Raymond,Khuzwayo ,RSA,6/24/1968,,Durban RSA,2/23/1986,,
25 km,M,18,18y343d,1:19:59,4799,Brad,Hudson ,USA,9/30/1966,Nike/OTC,Eugene OR USA,9/8/1985,,
25 km,M,19,19y313d,1:13:01,4381,Benson,Cherono Kipchumba,KEN,6/30/1984,,Berlin GER,5/9/2004,,
25 km,M,20,20y83d,1:14:15,4455,Allan,Kiprono Kipkorir,KEN,2/15/1990,,Berlin GER,5/9/2010,,
25 km,M,21,21y205d,1:11:47,4307,Abraham,Cheroben ,BRN,10/11/1992,,Berlin GER,5/4/2014,,
25 km,M,22,22y211d,1:12:31,4351,Abraham,Cheroben ,BRN,10/11/1992,,Berlin GER,5/10/2015,,
25 km,M,23,23y43d,1:13:35,4415,Joseph,Riri ,KEN,3/27/1981,,Berlin GER,5/9/2004,,
25 km,M,24,24y109d,1:11:50,4310,Samuel,Kiplimo Kosgei,KEN,1/20/1986,,Berlin GER,5/9/2010,,
25 km,M,25,25y163d,1:13:24,4404,Mathew,Kipchirchir Koech,KEN,11/29/1983,,Berlin GER,5/10/2009,,
25 km,M,26,26y105d,1:11:29,4289,Wilfred,Kirwa Kigen,KEN,1/21/1986,,Berlin GER,5/6/2012,,
25 km,M,27,27y229d,1:11:59,4319,Jacob,Chepleting Kendagor,KEN,9/19/1984,,Berlin GER,5/6/2012,,
25 km,M,28,28y105d,1:11:18,4278,Dennis,Kipruto Kimetto,KEN,1/22/1984,,Berlin GER,5/6/2012,,
25 km,M,29,29y275d,1:12:32,4352,Kenneth,Kiprop Kipkemoi,KEN,8/2/1984,,Berlin GER,5/4/2014,,
25 km,M,30,30y281d,1:14:18,4458,Kenneth,Kiprop Kipkemoi,KEN,8/2/1984,,Berlin GER,5/10/2015,,
25 km,M,31,31y334d,1:14:22,4462,Abel,Kirui ,KEN,6/4/1982,,Berlin GER,5/4/2014,,
25 km,M,32,32y17d,1:13:48,4428,Paul,Kosgei Malakwen,KEN,4/22/1978,,Berlin GER,5/9/2010,,
25 km,M,33,33y229d,1:15:10,4510,Martin,Vrabel ,SVK,9/21/1955,,Berlin GER,5/7/1989,,
25 km,M,34,34y260d,1:15:01,4501,Simon,Karori ,KEN,8/28/1959,River Bank Run 25K,Grand Rapids MI USA,5/14/1994,,
25 km,M,35,35y240d,1:15:43,4543,Gidamis,Shahanga ,TAN,9/4/1957,,Berlin GER,5/2/1993,,
25 km,M,36,36y166d,1:15:45,4545,Jacques,Boxberger ,FRA,4/16/1949,,Divonneles les Bains FRA,9/29/1985,,
25 km,M,37,37y142d,1:16:15,4575,Abdelhadi,El Hachimi,BEL,12/15/1974,,Berlin GER,5/6/2012,,
25 km,M,38,38y128d,1:15:27,4527,Abdihakim,Abdirahman ,USA,1/1/1977,River Bank Run 25K,Grand Rapids MI USA,5/9/2015,,
25 km,M,39,39y205d,1:19:03,4743,Giomar,Pereira daSilva,BRA,8/25/1972,,Aracaju BRA,3/17/2012,,
25 km,M,40,40y184d,1:16:49,4609,Martin,Mondragon Avila,MEX,11/11/1953,River Bank Run 25K,Grand Rapids MI USA,5/14/1994,,
25 km,M,41,41y39d,1:16:53,4613,Mbarak,Hussein ,USA,4/4/1965,River Bank Run 25K,Grand Rapids MI USA,5/13/2006,,
25 km,M,42,42y104d,1:16:58,4618,Artemio,Navarro ,MEX,1/25/1950,River Bank Run 25K,Grand Rapids MI USA,5/9/1992,,
25 km,M,43,43y166d,1:19:08,4748,Andrey,Kuznetzov ,RUS,11/27/1957,River Bank Run 25K,Grand Rapids MI USA,5/12/2001,,
25 km,M,44,44y165d,1:20:20,4820,Andrey,Kuznetzov ,RUS,11/27/1957,River Bank Run 25K,Grand Rapids MI USA,5/11/2002,,
25 km,M,45,45y165d,1:21:47,4907,Fernand,Kolbeck ,FRA,10/11/1944,,Haguenau FRA,3/25/1990,,
25 km,M,46,46y348d,1:22:44,4964,Piet,vanAlphen ,NED,8/16/1930,,Brugge BEL,7/30/1977,,
25 km,M,47,47y229d,1:22:24,4944,Dan,Conway ,USA,1/28/1939,City of Lakes 25k,Minneapolis MN USA,9/14/1986,,
25 km,M,48,48y319d,1:24:43,5083,Piet,vanAlphen ,NED,8/16/1930,,Brugge BEL,7/1/1979,,
25 km,M,49,49y309d,1:22:44,4964,Piet,vanAlphen ,NED,8/16/1930,,Lisse NED,6/21/1980,,
25 km,M,50,50y167d,1:25:27,5127,Erik-Verner,Ostbye ,SWE,1/25/1921,,Karlovy Vary CZE,7/11/1971,,
25 km,M,51,51y334d,1:24:12,5052,Norman,Green ,USA,6/27/1932,,Washington DC USA,5/27/1984,,
25 km,M,52,52y41d,1:25:37,5137,Jim,O'Neill ,USA,4/1/1938,River Bank Run 25K,Grand Rapids MI USA,5/12/1990,,
25 km,M,53,53y40d,1:26:56,5216,Jim,O'Neill ,USA,4/1/1938,River Bank Run 25K,Grand Rapids MI USA,5/11/1991,,
25 km,M,54,,1:32:23,5543,Pete,Orban,USA,,Beacon on the Bay,"Oklahoma City, OK",2/27/2010,OK00012BB,
25 km,M,55,55y221d,1:29:56,5396,Ray,Hatton ,USA,2/5/1932,Nike/OTC,Eugene OR USA,9/13/1987,,
25 km,M,56,56y186d,1:28:48,5328,Erik-Verner,Ostbye ,SWE,1/25/1921,,Brugge BEL,7/30/1977,,
25 km,M,57,57y24d,1:31:29,5489,Milos,Smrcka ,CZE,7/21/1954,,Zebrak CZE,8/14/2011,,
25 km,M,58,58y364d,1:31:36,5496,Alex,Ratelle ,USA,9/12/1924,City of Lakes 25k,Minneapolis MN USA,9/11/1983,,
25 km,M,59,59y3d,1:34:58,5698,Norman,Eastman ,USA,5/9/1931,River Bank Run 25K,Grand Rapids MI USA,5/12/1990,,
25 km,M,60,60y47d,1:31:41,5501,Brian,Pilcher,USA,8/23/1956,Chicago Marathon (25K split),"Chicago, IL",10/9/2016,Pending M60-64 AR,
25 km,M,61,61y116d,1:35:27,5727,Jim,O'Neil ,USA,5/14/1925,Nike/OTC,Eugene OR USA,9/7/1986,,
25 km,M,62,62y2d,1:36:20,5780,Alex,Ratelle ,USA,9/12/1924,City of Lakes 25k,Minneapolis MN USA,9/14/1986,,
25 km,M,63,63y147d,1:37:53,5873,Ed,Whitlock ,CAN,3/6/1931,,Toronto ON CAN,7/31/1994,,
25 km,M,64,64y306d,1:41:07,6067,Don,Longenecker,USA,3/25/1916,,AZ,1/25/1981,RRIC,
25 km,M,65,65y41d,1:42:58,6178,Jim,Forshee ,USA,3/31/1926,River Bank Run 25K,Grand Rapids MI USA,5/11/1991,,
25 km,M,66,66y4d,1:41:39,6099,Alex,Ratelle ,USA,9/12/1924,City of Lakes 25k,Minneapolis MN USA,9/16/1990,,
25 km,M,67,67y87d,1:44:07,6247,Warren,Utes ,USA,6/25/1920,,Joliet IL USA,9/20/1987,,
25 km,M,68,68y76d,1:42:19,6139,Doug,Goodhue ,USA,2/21/1942,River Bank Run 25K,Grand Rapids MI USA,5/8/2010,,
25 km,M,69,69y43d,1:45:59,6359,Jim,Forshee ,USA,3/31/1926,River Bank Run 25K,Grand Rapids MI USA,5/13/1995,,
25 km,M,70,70y22d,1:39:59,5999,Clive,Davies ,USA,8/17/1915,Nike/OTC,Eugene OR USA,9/8/1985,,
25 km,M,71,71y318d,1:44:11,6251,Warren,Utes ,USA,6/25/1920,River Bank Run 25K,Grand Rapids MI USA,5/9/1992,,
25 km,M,72,72y317d,1:44:32,6272,Warren,Utes ,USA,6/25/1920,River Bank Run 25K,Grand Rapids MI USA,5/8/1993,,
25 km,M,73,73y52d,1:57:31,7051,Lloyd,Young ,USA,7/18/1923,City of Lakes 25k,"Minneapolis, MN",9/8/1996,RRIC & Andy Carr,
25 km,M,74,74y51d,2:04:21,7461,Lloyd,Young ,USA,7/18/1923,City of Lakes 25k,"Minneapolis, MN",9/7/1997,RRIC & Andy Carr,
25 km,M,75,75y117d,1:56:18,6978,Ed,Benham ,USA,7/12/1907,TAC Masters,"Raleigh, NC",11/6/1982,,
25 km,M,76,76y320d,2:01:28,7288,Ed,Benham ,USA,7/12/1907,,Washington DC USA,5/27/1984,,
25 km,M,77,77y81d,1:52:57,6777,Warren,Utes ,USA,6/25/1920,Nat'l Heritage Corridor,"Channahon, IL",9/14/1997,M75-79 AR,
25 km,M,78,78y53d,2:12:04,7924,Lloyd,Young ,USA,7/18/1923,City of Lakes 25k,Minneapolis MN USA,9/9/2001,,
25 km,M,79,79y100d,2:16:33,8193,Jerry,Johncock ,USA,2/2/1928,River Bank Run 25K,Grand Rapids MI USA,5/12/2007,,
25 km,M,80,80y91d,2:05:44,7544,Warren,Utes ,USA,6/25/1920,Nat'l Heritage Corridor,"Channahon, IL",9/24/2000,Andy Carr,
25 km,M,81,81y97d,2:22:19,8539,Jerry,Johncock ,USA,2/2/1928,River Bank Run 25K,Grand Rapids MI USA,5/9/2009,,
25 km,M,82,82y96d,2:32:05,9125,Jerry,Johncock ,USA,2/2/1928,River Bank Run 25K,Grand Rapids MI USA,5/8/2010,,
25 km,M,83,83y185d,2:38:59,9539,Paul,Spangler ,USA,3/18/1899,,Ventura CA USA,9/19/1982,,
25 km,M,84,84y100d,2:38:04,9484,Jerry,Johncock ,USA,2/2/1928,River Bank Run 25K,Grand Rapids MI USA,5/12/2012,,
25 km,M,85,85y99d,2:52:55,10375,Jerry,Johncock ,USA,2/2/1928,River Bank Run 25K,Grand Rapids MI USA,5/11/2013,net time,
25 km,M,86,86y98d,2:49:52,10192,Jerry,Johncock ,USA,2/2/1928,River Bank Run 25K,Grand Rapids MI USA,5/10/2014,,
25 km,M,87,87y97d,3:43:25,13405,Jerry,Johncock ,USA,2/2/1928,River Bank Run 25K,Grand Rapids MI USA,5/9/2015,,
25 km,M,88,88y102d,3:35:44,12944,Jerry,Johncock ,USA,2/2/1928,River Bank Run 25K,Grand Rapids MI USA,5/14/2016,,
,,,,,,,,,,,88,,,
,,,,,,,,,,,,,,
,,,,,,,,,,,,,,
,,,,,,,,,,,,,,
,,,,,,,,,,,,,,
,,,,,,,,,,,,,,
,,,,,,,,,,,,,,
,,,,,,,,,,,,,,
,,,,,,,,,,,,,,
,,,,,,,,,,,,,,
,,,,,,,,,,,,,,
,,,,,,,,,,,,,,
,,,,,,,,,,,,,,
,,,,,,,,,,,,,,
,,,,,,,,,,,,,,
,,,,,,,,,,,,,,
,,,,,,,,,,,,,,
,,,,,,,,,,,,,,
,,,,,,,,,,,,,,
,,,,,,,,,,,,,,
,,,,,,,,,,,,,,
,,,,,,,,,,,,,,
,,,,,,,,,,,,,,
,,,,,,,,,,,,,,
,,,,,,,,,,,,,,
,,,,,,,,,,,,,,
,,,,,,,,,,,,,,
,,,,,,,,,,,,,,
,,,,,,,,,,,,,,
,,,,,,,,,,,,,,
,,,,,,,,,,,,,,
,,,,,,,,,,,,,,
,,,,,,,,,,,,,,
,,,,,,,,,,,,,,
,,,,,,,,,,,,,,
,,,,,,,,,,,,,,
,,,,,,,,,,,,,,
,,,,,,,,,,,,,,
,,,,,,,,,,,,,,
,,,,,,,,,,,,,,
,,,,,,,,,,,,,,
,,,,,,,,,,,,,,
,,,,,,,,,,,,,,
,,,,,,,,,,,,,,
,,,,,,,,,,,,,,
,,,,,,,,,,,,,,
,,,,,,,,,,,,,,
,,,,,,,,,,,,,,
,,,,,,,,,,,,,,
,,,,,,,,,,,,,,
,,,,,,,,,,,,,,
,,,,,,,,,,,,,,
,,,,,,,,,,,,,,
,,,,,,,,,,,,,,
,,,,,,,,,,,,,,
,,,,,,,,,,,,,,
,,,,,,,,,,,,,,
,,,,,,,,,,,,,,
,,,,,,,,,,,,,,
,,,,,,,,,,,,,,
,,,,,,,,,,,,,,
,,,,,,,,,,,,,,
,,,,,,,,,,,,,,
,,,,,,,,,,,,,,
,,,,,,,,,,,,,,
,,,,,,,,,,,,,,
,,,,,,,,,,,,,,
,,,,,,,,,,,,,,
,,,,,,,,,,,,,,
,,,,,,, ,,,,,,,
